1.4182e-08+1.5535e-08i,-5.899e-08-7.5136e-08i,-1.3507e-07+5.2343e-08i,4.3926e-08-3.1929e-08i,-6.6538e-08-6.1627e-08i,4.197e-08-4.7195e-08i,-6.5524e-09+5.894e-08i,1.3338e-09+7.9359e-08i,1.6968e-08+5.0787e-08i,-4.9362e-08+7.2128e-08i,-1.1184e-07+3.9594e-08i,3.2898e-08-3.225e-10i,4.1893e-08+3.0988e-08i,2.8681e-08-6.4271e-08i,7.831e-09-7.9649e-08i,2.0571e-08+9.5097e-09i,-2.1004e-09-3.9867e-08i,-3.0802e-08+3.0481e-08i,1.103e-07+5.5535e-08i,1.9324e-08-5.3437e-08i,-4.4822e-08-2.6615e-08i,-5.2042e-08-3.4539e-08i,-1.2593e-08+1.7189e-08i,-1.6353e-08+6.1325e-08i,1.3596e-08+2.3748e-08i
1.4953e-08-2.5595e-09i,-1.2296e-08-2.8617e-09i,1.8722e-08+1.7409e-08i,1.2972e-08-7.0419e-08i,-1.7899e-08+9.1616e-09i,-1.3203e-08-2.8983e-08i,1.1131e-08+5.1989e-08i,5.0135e-09-3.4323e-08i,1.8688e-08+1.7088e-08i,4.7191e-09-6.4495e-08i,1.1179e-08+3.385e-08i,-6.3976e-09+1.0577e-08i,-5.7856e-08+1.3382e-08i,4.2169e-08-6.6937e-08i,9.8363e-08+3.4676e-09i,4.3809e-08+1.1726e-08i,-4.5166e-09-5.0014e-08i,4.3221e-08-3.4371e-08i,9.2901e-08+5.2917e-08i,7.9563e-08-4.2325e-08i,-2.4796e-08-9.7653e-08i,8.6838e-08-4.4024e-08i,-2.2784e-08-2.4453e-08i,5.804e-10-4.7832e-08i,-3.0647e-08-7.0301e-08i
-4.7953e-10+4.438e-08i,-1.8344e-08-1.9607e-08i,-1.0416e-07+9.2008e-09i,3.1563e-08-6.7848e-08i,6.7309e-08+7.5291e-09i,7.4049e-09-9.8224e-09i,-2.9858e-08+8.5114e-08i,-1.3375e-08-6.7077e-08i,1.8873e-08-1.4382e-09i,8.2224e-08+3.6645e-08i,-2.4289e-08+1.6566e-08i,-1.7888e-08+2.9596e-08i,-1.3574e-08+6.146e-08i,-2.5393e-08-9.7332e-08i,-6.849e-08-9.3543e-09i,4.422e-08-4.2497e-09i,-3.1102e-09+1.146e-08i,2.765e-08-2.5226e-08i,7.8971e-08-7.8274e-08i,2.5377e-08+8.099e-08i,-2.9715e-08-5.0668e-08i,-6.2995e-08-2.5788e-08i,-1.4161e-08-2.8608e-08i,-1.063e-07+3.9664e-08i,-3.6705e-08+1.0231e-07i
-2.4915e-08+9.5545e-08i,-6.4847e-09-7.5819e-08i,-1.0638e-07-2.7936e-08i,2.3656e-08-1.0269e-07i,-9.0646e-08-2.4927e-09i,-2.3842e-08-1.8303e-08i,6.9289e-08-6.0696e-08i,3.2353e-08-9.4477e-09i,-1.8161e-08-1.0402e-08i,7.5924e-09-3.4246e-08i,1.9146e-08+4.1161e-08i,3.0431e-08-1.893e-08i,-2.777e-08-5.1174e-08i,-7.3682e-08-7.1457e-08i,1.0522e-07-5.1823e-08i,7.4067e-08+1.9892e-08i,-1.977e-08-6.8747e-08i,5.3771e-09+8.1282e-08i,2.1678e-08-1.2094e-08i,-4.3748e-08+9.6805e-08i,-4.448e-08+1.5375e-08i,1.1007e-07-2.295e-08i,-4.8231e-08-3.8314e-08i,3.4684e-08-3.4292e-08i,6.3078e-08+3.4287e-08i
-2.5819e-08-4.4318e-08i,3.3528e-08-2.9203e-08i,-4.348e-09-3.8602e-08i,1.6792e-08+2.0154e-08i,4.9186e-08-2.1568e-08i,1.2148e-07+8.1821e-08i,-2.5215e-08+4.0287e-08i,-9.6923e-09-1.1299e-07i,-3.0561e-08+3.8371e-08i,1.7333e-08+4.7281e-08i,2.4812e-09+8.321e-08i,-1.0679e-08-1.0983e-08i,1.6973e-08+5.6427e-08i,1.4541e-08+4.048e-09i,-3.6084e-08+3.3462e-08i,-2.3086e-09+5.4639e-08i,-3.1141e-08-7.9334e-08i,-6.932e-08-1.5874e-08i,1.2895e-08+2.1308e-08i,1.9422e-08+1.6213e-08i,-3.6773e-08+2.7661e-10i,4.3439e-08-7.7318e-08i,1.7687e-08-1.7055e-08i,1.3567e-08-2.3003e-08i,1.088e-08-1.0151e-08i
4.5581e-09+1.0344e-07i,-6.2218e-08-2.3447e-08i,3.7836e-09+1.8212e-11i,1.475e-08-2.7574e-08i,2.7914e-08+3.9149e-08i,-1.0014e-09+9.2592e-08i,-1.8277e-08+1.4619e-08i,-4.7083e-09-2.1158e-08i,2.2964e-08+2.8352e-08i,7.3063e-08+6.8046e-08i,-2.2315e-09-3.5442e-09i,1.9451e-08+3.5716e-08i,-5.1709e-09+7.8292e-09i,6.893e-08-1.0696e-08i,1.5798e-08-4.6954e-08i,4.6063e-08-3.4016e-08i,-5.7027e-08-2.3246e-08i,8.7913e-08+3.9952e-08i,-1.1267e-08-2.4638e-08i,-5.1406e-08-2.2214e-08i,3.2601e-08-1.4907e-08i,2.1872e-09+5.0988e-08i,-4.8359e-08-5.7796e-08i,1.6255e-08+7.9498e-08i,-8.539e-09-3.7115e-08i
-4.5997e-08+3.4333e-08i,8.2584e-08-8.9501e-08i,3.7296e-08+2.0312e-08i,2.3944e-08-6.1732e-08i,3.9962e-08+4.2183e-08i,-8.953e-09+1.276e-08i,5.7121e-09+6.6845e-08i,4.5059e-08-2.4259e-08i,-4.2406e-08-6.0732e-08i,4.6007e-08-1.8112e-08i,-2.5226e-08+9.3763e-09i,5.1557e-09+1.3224e-08i,5.6928e-08+8.6018e-09i,-4.6269e-08-3.8531e-08i,2.2719e-08-3.5117e-08i,8.4481e-09+2.6878e-08i,9.4024e-08-2.602e-08i,-5.3788e-09-1.0497e-07i,2.7405e-08+2.0937e-08i,-7.0244e-08+1.277e-08i,5.8704e-08-4.0585e-08i,8.141e-08+2.2738e-08i,-6.2865e-08-4.2665e-08i,1.3263e-08-1.3491e-09i,1.0966e-07-7.8559e-10i
1.0446e-08-2.5866e-08i,-6.1674e-09-2.4358e-08i,1.118e-08-4.6602e-08i,-3.76e-08+1.0902e-08i,3.056e-08+4.8485e-08i,-4.1333e-08-3.6934e-08i,8.8655e-08-9.008e-08i,-2.5544e-09-3.5084e-08i,-1.3325e-08+4.0443e-08i,4.9541e-09+8.8419e-08i,-4.3788e-08-2.2883e-08i,9.7048e-09+6.5738e-08i,6.9905e-08-5.479e-08i,3.4256e-08+8.7564e-08i,-2.5749e-08+5.6931e-08i,1.0506e-07-5.1205e-09i,-6.3914e-08+3.1061e-08i,4.3942e-08+2.6731e-08i,-4.4288e-08-1.4393e-08i,-3.1987e-08+3.2185e-08i,1.4647e-08-2.3921e-08i,-2.8038e-08-1.5883e-08i,-7.7863e-08-3.6338e-08i,-1.174e-07+7.4896e-09i,-4.9782e-08-5.2768e-08i
-2.8079e-08+6.5265e-08i,4.4868e-08+9.1916e-08i,6.7843e-10-3.029e-08i,-6.6266e-08-1.581e-08i,2.3755e-08-8.4097e-08i,-5.7974e-09-2.0082e-08i,1.2275e-08+2.4356e-08i,1.2342e-08+2.8056e-08i,1.1413e-07-2.6101e-08i,-5.2194e-08-6.5821e-08i,1.5315e-08-5.3237e-08i,5.942e-08-1.8382e-08i,-9.177e-10-4.0112e-08i,7.3519e-08-1.0729e-08i,-1.0029e-07+5.6822e-09i,-2.765e-08+1.7923e-08i,-6.2344e-08+3.5376e-09i,3.7972e-08+3.0475e-08i,8.2747e-08-3.9635e-08i,1.0492e-07+8.7282e-09i,-5.2272e-08-1.3394e-08i,6.4242e-08+1.5126e-08i,-2.2659e-08+7.1888e-08i,2.6136e-08+9.8994e-09i,-2.0268e-08-4.3964e-08i
-2.5931e-08-5.1682e-09i,3.9311e-08-1.8002e-08i,-4.5444e-08+2.4292e-08i,3.8686e-08-7.9796e-08i,3.8737e-08+5.8066e-08i,-9.3841e-08+4.8065e-08i,-7.939e-09+5.2159e-08i,1.0121e-07-2.4566e-08i,3.5323e-09-3.9055e-08i,3.8031e-08-4.2599e-09i,-9.5485e-09-4.4133e-08i,-8.8713e-09+6.1888e-08i,-5.3987e-08+4.5748e-08i,-4.0146e-08-4.9326e-08i,1.9196e-08-2.3231e-08i,-3.0955e-08-8.1851e-08i,8.5181e-09+5.9566e-08i,-2.1122e-08-6.6029e-08i,6.2434e-08+1.6527e-08i,6.2978e-08-1.6588e-08i,-6.7151e-09+1.9451e-08i,7.6677e-08+6.7558e-08i,2.4e-09-2.0457e-08i,4.3197e-08-5.3064e-10i,-3.9033e-09+3.6994e-09i
-5.2556e-08-2.0002e-08i,-2.5999e-08-1.6012e-08i,9.7789e-08+1.8247e-08i,6.3549e-08-6.483e-10i,2.0154e-08+4.2691e-08i,-5.9739e-09-9.2093e-08i,-4.7927e-09+7.8236e-08i,-2.8853e-08-3.5782e-08i,-5.0462e-08+4.6158e-08i,-3.3974e-08+6.9094e-08i,-8.4744e-08-2.2954e-08i,-1.1574e-08-2.0802e-08i,4.378e-08-5.4826e-09i,3.8733e-09-2.2992e-08i,1.7352e-08+6.0834e-08i,-1.171e-08+7.0424e-08i,-3.0509e-08-5.2784e-08i,-3.0488e-08+5.0541e-08i,-7.8452e-10+4.936e-10i,4.5472e-08+9.5137e-09i,-6.7645e-08+1.0731e-08i,-4.4798e-09-5.3822e-08i,3.449e-08-2.7744e-08i,5.1286e-08+3.5136e-08i,4.6396e-08+1.5192e-08i
-7.8966e-08+2.1834e-09i,4.0238e-08+5.9074e-08i,1.5118e-08+2.3727e-08i,4.4998e-08+6.0623e-08i,-6.109e-09+1.7902e-08i,6.4734e-08-5.2666e-08i,-6.0723e-09+4.9033e-08i,2.0849e-09+3.8609e-08i,8.5962e-08+2.0097e-09i,-4.1879e-08+4.5909e-08i,-6.7022e-09-2.7842e-08i,5.5514e-08+2.4555e-08i,5.8739e-08-6.5063e-08i,7.0469e-10-7.4159e-08i,-1.7031e-10-3.7028e-08i,-2.7511e-08-3.897e-08i,9.3789e-09-6.3014e-08i,-4.0295e-08+2.029e-08i,-7.6073e-09+6.6901e-08i,-1.4347e-08-6.4041e-09i,-4.1415e-09-1.4767e-09i,1.7634e-09-7.0457e-08i,4.4653e-08-1.9233e-08i,-6.9104e-08-2.3161e-08i,-1.6838e-08-2.141e-08i
-2.1222e-08+1.3114e-07i,9.1578e-08+1.0067e-07i,-1.2724e-08-2.3853e-08i,-7.194e-08-8.7197e-08i,4.0073e-09+4.4003e-08i,6.4813e-08-2.8647e-08i,4.3144e-08+2.7251e-08i,2.1036e-08+1.2514e-08i,2.6844e-08+3.4997e-08i,-9.2802e-09-1.1764e-08i,2.1558e-08-1.8427e-08i,-2.433e-08+7.9829e-08i,-5.0871e-08-2.6881e-08i,3.9292e-08+2.8024e-08i,-2.482e-09-1.7749e-08i,3.3301e-08+4.5488e-08i,5.0934e-08+6.7244e-08i,2.9364e-08+4.0179e-08i,1.3268e-08+3.6493e-08i,-1.1782e-08+2.4445e-08i,2.4187e-08+1.8013e-09i,-5.0573e-08-3.0087e-08i,6.0526e-08-6.7865e-09i,-8.9641e-09+4.0031e-08i,-1.8729e-08+9.1665e-08i
3.3945e-08+3.0255e-08i,6.3639e-08+3.7682e-08i,6.5229e-08+1.7049e-08i,9.4016e-08-1.2312e-08i,-9.9226e-08-3.0589e-08i,8.2743e-09-1.7535e-08i,8.7091e-08-2.6308e-09i,-5.208e-08-9.7675e-09i,4.7817e-09+2.9155e-08i,1.0641e-08+3.3865e-08i,1.329e-08-3.1541e-08i,-4.5736e-08-5.7268e-08i,1.0494e-08+1.2182e-07i,-3.5687e-08-6.0842e-08i,-3.2191e-08-2.7535e-08i,-1.3871e-08+3.1238e-08i,6.7419e-08+6.7236e-08i,-2.4597e-08-3.3161e-08i,9.2855e-09+1.3585e-08i,-1.2574e-08+1.5499e-08i,2.237e-08+2.0327e-08i,5.2476e-08-4.3929e-08i,-2.8034e-08-1.6405e-08i,-8.5728e-08-3.8689e-08i,7.5365e-08-1.0137e-08i
-3.5626e-08-1.8064e-09i,-3.8946e-08+4.7436e-08i,7.735e-10-4.8787e-08i,6.6118e-08-8.6846e-09i,1.9502e-08+2.05e-08i,-4.1548e-09+1.212e-08i,-4.7164e-08+4.7899e-08i,1.7548e-08+1.2101e-07i,6.9231e-08-9.2876e-08i,-4.9917e-08+3.1928e-08i,-2.3727e-08-4.3368e-08i,-1.4743e-08-8.4075e-08i,-9.7848e-08-1.0776e-07i,-2.9972e-08+9.7933e-09i,-1.0685e-08+4.0507e-08i,2.2496e-08-4.2451e-08i,7.0086e-08+4.47e-09i,-4.3214e-08-4.4089e-08i,2.356e-09-3.8118e-08i,-2.0272e-08-2.0164e-08i,-2.3306e-08-3.6313e-08i,5.8433e-08+7.3466e-08i,1.2142e-08-3.692e-10i,2.3198e-10+6.4512e-09i,-4.8759e-08+9.0544e-10i
3.1234e-08-4.395e-08i,3.8574e-08-4.3605e-08i,-6.6733e-08-9.0311e-08i,-9.0233e-09+3.9512e-08i,1.1245e-08-2.2618e-08i,7.3657e-08-6.4338e-08i,4.8282e-08+6.1846e-08i,-3.307e-08+1.4896e-08i,3.2207e-08-9.545e-08i,4.7324e-09-2.1135e-08i,1.4537e-08+5.2973e-08i,-3.849e-09+5.3091e-09i,1.4024e-08-5.9343e-08i,-2.5463e-08+5.8952e-09i,-4.2604e-08+3.6891e-08i,8.6346e-08-1.2301e-08i,2.3138e-08+1.5629e-08i,7.0958e-08+8.8598e-08i,2.8928e-08+7.6331e-08i,5.3093e-08+6.0438e-08i,-3.6732e-08+7.8175e-08i,4.5915e-08-5.3619e-08i,1.7782e-09+8.0373e-09i,2.5944e-08+6.8824e-08i,-2.9247e-08-5.449e-08i
-5.3794e-08-4.1146e-08i,2.3046e-08+4.7284e-08i,-6.828e-09+1.0334e-08i,8.2131e-08-3.3642e-08i,8.5511e-09-4.4891e-08i,1.821e-08-1.1917e-08i,7.276e-09-1.5809e-09i,-3.5072e-08-6.5418e-08i,3.5002e-08-1.1921e-08i,8.7549e-08-2.4586e-08i,1.3569e-08+9.0347e-09i,4.4684e-09-2.9585e-09i,9.6435e-08+4.307e-08i,2.7208e-08-3.2189e-08i,6.4641e-08+5.517e-08i,2.8983e-09-2.6444e-08i,-2.1079e-08-1.2851e-09i,5.2211e-08+6.6699e-08i,2.867e-08-4.2808e-08i,-2.0843e-08-6.5878e-08i,-2.657e-08+4.3368e-08i,1.9517e-08+3.51e-08i,6.2548e-08-2.102e-08i,-1.0726e-07-8.8143e-08i,-6.1191e-08+1.9449e-08i
-6.8691e-08-3.227e-08i,5.9056e-08+2.0574e-08i,7.5672e-09-8.5786e-09i,-1.3056e-08-4.5745e-08i,-5.6702e-08+1.2815e-08i,6.7208e-08-3.0782e-08i,3.644e-08-5.0126e-08i,3.1216e-08-7.8989e-09i,-4.9026e-08+7.7386e-09i,-1.387e-08-7.1147e-08i,1.5095e-08+4.4707e-08i,6.2116e-08-9.9521e-08i,1.0299e-08-3.1106e-08i,-4.7431e-08-1.4981e-08i,-3.9338e-08+1.5656e-08i,4.4506e-08-5.1072e-08i,1.5574e-08+4.1806e-08i,-4.7118e-08+2.6275e-08i,7.1655e-08-1.0706e-07i,-7.4593e-08+4.2513e-08i,-1.9369e-08+1.3511e-08i,7.126e-08-2.4697e-08i,-4.9369e-09+7.4503e-09i,-2.4556e-10-4.4802e-08i,1.1095e-09-2.9111e-08i
6.1061e-09-1.3941e-08i,-4.5861e-09-6.6826e-08i,-4.8833e-08+4.7391e-08i,5.3478e-08-5.4559e-08i,-3.4272e-08+5.2574e-08i,1.9087e-08+1.4418e-08i,7.1218e-08-8.3705e-09i,1.4668e-08+7.0227e-08i,1.8529e-09-3.3066e-08i,-5.6388e-08+1.3399e-08i,-4.0743e-08+7.2207e-08i,-5.592e-08+8.8938e-08i,3.3211e-08+3.6601e-08i,-2.4868e-08+4.0166e-08i,1.4597e-08-1.3097e-07i,-1.3388e-08+1.5206e-08i,-3.1453e-08-6.5295e-08i,-4.2917e-08+6.4699e-09i,2.0146e-08+1.1319e-08i,4.5302e-08-1.9462e-08i,2.979e-08-5.1213e-09i,7.0125e-09-4.4867e-08i,-4.2292e-08+9.3304e-09i,-5.9175e-08-8.0507e-08i,-1.9416e-08-7.3383e-08i
9.1821e-08+2.3048e-08i,2.8171e-08-1.9222e-08i,7.4846e-08+7.6327e-09i,-1.3967e-10-9.1413e-09i,-3.2412e-08+6.8096e-08i,-3.8002e-08-1.0082e-08i,-2.481e-08-5.6208e-08i,1.1111e-08-1.9507e-08i,3.9609e-08+2.7941e-10i,-7.6116e-08+2.192e-09i,-4.9371e-09+6.9707e-08i,5.1083e-08+1.7865e-08i,2.9839e-08+3.1733e-08i,-2.331e-08-3.4486e-08i,3.9526e-08+1.4088e-08i,-1.1644e-08+1.7939e-08i,-2.3959e-08+3.9066e-08i,3.7216e-08-5.9301e-08i,3.7992e-08-1.785e-08i,4.6004e-08-2.4636e-08i,5.8172e-08+1.4316e-09i,1.7723e-08+4.4558e-09i,2.7012e-08-2.2947e-09i,1.0529e-08-3.8167e-08i,-3.9214e-08-6.5699e-08i
-1.5198e-08+3.9076e-08i,-4.1784e-10+2.1551e-08i,-3.8023e-08-3.5353e-08i,3.5791e-08+5.1496e-08i,-4.5779e-08-8.3919e-09i,5.6241e-08-6.8896e-08i,2.9343e-08-1.4936e-08i,7.3216e-09-1.3615e-07i,1.3632e-08-5.4361e-08i,-1.8212e-09+1.5249e-08i,-7.0457e-08-2.7997e-08i,-6.2437e-08-3.8476e-08i,-1.5512e-08+6.9649e-08i,-1.2678e-08+6.1932e-08i,-5.3559e-08+2.4464e-08i,4.8364e-08+3.5742e-08i,-4.4209e-08+2.6155e-08i,7.2944e-08-6.245e-08i,3.3931e-08+1.0777e-08i,-2.3479e-08-1.1727e-08i,-3.1058e-08-1.0843e-07i,-8.9632e-08+2.3492e-08i,2.524e-08-1.8104e-08i,2.514e-08-1.722e-08i,4.4532e-08+7.1601e-08i
-8.7938e-11+9.8153e-08i,2.9225e-08-8.3276e-08i,7.5426e-08+7.5356e-08i,-2.1687e-08+2.2155e-08i,-6.6652e-08-4.6145e-08i,-5.6806e-08-1.5244e-08i,-5.1702e-08+3.4526e-08i,-4.4896e-08-5.4984e-09i,-2.6191e-08-2.4854e-08i,4.0861e-08+5.9291e-09i,-5.4217e-08-1.653e-08i,-4.8981e-08+8.6803e-08i,-3.5016e-08-1.0238e-07i,-1.8014e-08-1.5398e-08i,-1.9708e-08+2.0723e-08i,6.0841e-09-6.9882e-08i,-7.0503e-08+7.2348e-08i,-1.3602e-08-2.8862e-08i,3.6002e-08-1.9921e-08i,-1.5657e-08+1.0329e-09i,-2.1267e-08-2.3318e-08i,5.1634e-08-2.6855e-08i,3.7127e-08+1.0841e-08i,-1.9212e-08+8.151e-08i,6.3737e-08+1.0888e-08i
-7.0069e-09+2.6868e-08i,-5.8178e-10-4.8429e-08i,6.6393e-09+7.7515e-09i,-5.634e-08-1.0173e-07i,1.53e-08-2.1088e-08i,1.1701e-08+1.6032e-08i,1.7918e-08-6.1476e-08i,3.9597e-08+1.7325e-09i,-6.6724e-08-4.9494e-09i,-1.2245e-07+1.3789e-08i,-3.4208e-08+1.5835e-08i,4.5477e-09+2.4639e-08i,-2.5942e-08+3.9058e-09i,2.839e-09-4.6429e-08i,6.6171e-08+5.3041e-08i,5.5436e-08+2.3024e-08i,-1.4252e-08+4.5953e-08i,-1.8561e-08+6.6753e-08i,2.7226e-08+6.5662e-08i,-1.3693e-08+2.1816e-08i,2.53e-08-2.2364e-08i,-1.7151e-08-8.116e-08i,-1.4109e-08-1.2978e-08i,8.0361e-08-5.2256e-08i,2.0622e-08-4.0123e-08i
5.5938e-09-4.8488e-08i,9.6991e-09-1.7547e-08i,4.7774e-08+3.5506e-08i,-1.2284e-07+4.7166e-08i,-7.584e-09+5.645e-08i,-1.5289e-08+7.7859e-09i,4.963e-08-1.3441e-08i,-1.6679e-08-5.0101e-09i,-1.6584e-09+6.9587e-08i,-6.499e-09+5.1232e-08i,8.8965e-08+4.5014e-08i,1.2407e-09+3.6939e-08i,-7.7083e-08+4.7065e-08i,-3.3859e-08+6.9725e-08i,1.8959e-08-2.8001e-09i,-6.983e-08-1.8389e-08i,-2.9775e-08-6.8728e-09i,4.3222e-09-3.4625e-08i,-7.9714e-09-5.5336e-08i,1.0034e-07-1.0026e-07i,-3.424e-08-7.1194e-08i,6.0076e-09+8.4625e-08i,-5.3117e-09-3.6416e-08i,6.7098e-08+6.432e-08i,-7.6167e-09-1.694e-09i
9.2271e-09+3.7937e-08i,4.7292e-08+3.6011e-08i,-3.5707e-09+2.3423e-08i,2.2754e-08+6.7329e-08i,3.4184e-08+4.2307e-09i,3.5322e-08-7.2892e-08i,-3.1694e-08+1.9564e-08i,-4.9702e-08+3.5353e-08i,-5.0682e-08+7.2534e-08i,-5.7556e-09-7.7678e-08i,1.511e-07+2.8734e-08i,-1.5952e-08+1.4518e-08i,-3.9589e-09+7.9528e-09i,3.9097e-09-2.5947e-08i,-7.2925e-09+3.1186e-08i,4.2351e-08-2.4932e-09i,-6.4795e-08-4.8176e-09i,4.6347e-08-2.808e-08i,-4.7504e-08+6.8836e-08i,-1.7003e-08+1.4479e-08i,-7.3299e-08-7.8714e-08i,1.6341e-08+1.3106e-07i,-6.6429e-08+3.0402e-08i,5.5795e-08+1.5641e-08i,-3.8723e-08-2.0182e-08i
-5.8171e-09+8.4313e-10i,7.8819e-08+6.1427e-08i,-1.1552e-08-2.7729e-08i,-4.3296e-08-9.8571e-09i,1.766e-08-2.2497e-09i,-7.6335e-08+1.2722e-08i,4.4807e-08-6.2744e-08i,2.8674e-08+3.6981e-08i,-8.0188e-09-5.9855e-09i,-2.0372e-08+3.3359e-08i,-3.4302e-08+1.1102e-08i,1.2145e-08+4.9087e-09i,-9.1305e-08-1.2968e-08i,-3.467e-08+4.3661e-08i,2.4237e-09-4.0853e-08i,5.9749e-08+2.3072e-08i,5.2507e-08-5.9796e-08i,2.2315e-08-6.1173e-08i,-6.1463e-08+3.4267e-08i,2.2335e-08-1.7923e-08i,1.9659e-08+1.4509e-08i,1.0186e-08-1.3594e-08i,-9.6261e-09+9.365e-09i,-1.1369e-08+4.8829e-08i,-2.679e-08-8.5794e-08i
-9.5921e-08+4.589e-09i,-7.2979e-10+3.8536e-08i,-4.3095e-08-4.39e-08i,3.4353e-08-2.938e-08i,-4.3744e-08-1.8173e-08i,3.897e-08-5.056e-08i,9.2346e-09-2.013e-08i,-1.3538e-08-2.554e-09i,-2.6197e-08-5.829e-08i,2.3499e-08+1.463e-08i,-5.1417e-08-5.0524e-08i,-9.0637e-09-4.6287e-08i,6.4368e-08+1.7048e-09i,-2.5344e-08+1.2663e-07i,2.3331e-08+4.4502e-08i,-5.1356e-08-7.5798e-08i,-3.5677e-08+3.0046e-09i,-2.7853e-08-6.5167e-08i,3.1011e-08-4.5629e-08i,-6.15e-08+1.6511e-08i,-2.6718e-08+3.9191e-08i,-5.1308e-08-1.6722e-08i,2.6823e-08-5.2398e-08i,6.6237e-08+1.092e-07i,1.8149e-08-5.938e-08i
6.6578e-08+2.9937e-08i,4.3976e-08-3.4339e-08i,4.6056e-08-8.4173e-08i,5.4914e-08-5.7196e-08i,-6.2264e-08-9.1162e-08i,4.523e-08+2.7445e-08i,-2.6383e-08+1.6177e-09i,-3.6267e-08-1.9231e-08i,-2.6527e-08-2.1573e-08i,-7.3504e-08+2.4959e-08i,6.8433e-09-5.1883e-09i,6.9219e-08-7.348e-08i,4.3046e-08-5.1424e-08i,1.4321e-08-8.7099e-08i,-9.0862e-08-1.1913e-08i,-1.1725e-08-3.9248e-08i,2.3338e-09-9.1774e-08i,5.5744e-08-4.1903e-08i,-4.061e-08-5.2891e-08i,-1.9916e-08+2.4528e-08i,-2.3221e-08-4.741e-08i,4.1628e-08+5.8522e-08i,7.4305e-08-3.7235e-08i,7.4909e-09+2.4161e-08i,-5.4039e-08-2.8768e-08i
-6.2548e-08+1.793e-08i,-3.1874e-08+5.8191e-08i,2.5463e-08+9.8208e-08i,2.2741e-08-3.0362e-08i,-1.5946e-08-8.9707e-09i,-6.1087e-08-1.4847e-08i,1.6751e-08-8.6053e-08i,2.4206e-08+3.8549e-08i,-1.6678e-08-1.9744e-08i,-2.897e-08+4.8641e-08i,4.2937e-09+4.0891e-09i,2.6705e-10+3.7713e-08i,-8.2074e-09+1.2212e-08i,1.8841e-09-5.5414e-08i,-4.8207e-08+2.2331e-08i,-1.1481e-08-8.2343e-08i,-5.4912e-08-2.3474e-08i,-8.7728e-09-4.8213e-09i,5.881e-10-3.6306e-08i,5.0177e-08+1.449e-08i,-3.2096e-08-3.0375e-08i,5.0442e-08+6.7895e-08i,3.6737e-08-6.7706e-08i,5.8482e-08+8.1134e-08i,-6.3768e-09+2.2707e-08i
4.8864e-08-4.9337e-09i,-2.9201e-08-5.8913e-08i,3.4396e-08-2.2657e-08i,2.0275e-08-3.4339e-08i,-3.3797e-08-5.0245e-08i,2.6978e-08-1.1702e-08i,-1.3829e-08-4.8329e-08i,-5.1016e-08-2.8617e-08i,3.2184e-08+2.7805e-08i,5.9474e-09+2.3524e-08i,-1.9651e-08-2.3258e-08i,5.7557e-08-2.728e-08i,2.0406e-08+4.573e-08i,-9.0704e-08-3.3597e-08i,3.7232e-08+1.946e-08i,2.8458e-08+2.8795e-08i,5.8171e-08+3.8263e-08i,-2.3732e-08-1.2601e-08i,1.7866e-08+5.8734e-09i,-3.8671e-08-2.1965e-08i,4.0044e-09-5.0158e-09i,6.3209e-08-3.0112e-08i,-4.4857e-08-4.8366e-08i,-5.8754e-08-3.913e-08i,4.5294e-08-1.6961e-08i
-2.2719e-08+4.5955e-09i,-2.9958e-08+3.9552e-08i,-7.2086e-09+2.1936e-08i,1.6534e-08-8.7146e-08i,-7.0116e-08-3.2884e-08i,-7.1123e-08-4.5938e-08i,7.3383e-09+2.9713e-08i,3.0107e-08+2.1291e-08i,8.0647e-08-4.4789e-08i,-5.1204e-08+4.6026e-08i,-4.3947e-08-4.3825e-08i,-3.2782e-08-4.5524e-08i,3.0728e-08+2.1969e-08i,4.1882e-09-6.9104e-08i,4.7529e-08-1.163e-08i,-3.8648e-08+1.0476e-08i,-3.3757e-10+5.8009e-08i,3.5349e-08+5.3045e-09i,-2.9351e-08+1.6091e-08i,-7.5323e-08+3.8353e-08i,-9.5463e-09+5.7914e-08i,-9.2351e-08-5.8757e-08i,6.4537e-09+1.8472e-08i,-8.0403e-08+5.3105e-08i,-1.2793e-08-6.0646e-08i
-2.044e-08-3.6936e-08i,-8.4333e-08+2.9264e-08i,-1.9341e-10-6.0357e-09i,4.2432e-08-1.8231e-08i,-1.672e-08+9.2902e-08i,2.0747e-08-6.7988e-08i,-2.3529e-08-4.9944e-08i,6.2355e-08+6.6269e-08i,4.7079e-08+2.1398e-08i,-6.0543e-08-2.068e-08i,-2.1297e-08-4.268e-08i,-6.5158e-08+1.3823e-08i,-8.9027e-08-8.8012e-08i,-2.3411e-08+2.2718e-08i,-3.6709e-09+2.2947e-08i,8.0412e-08-1.25e-09i,8.8504e-08-8.9771e-08i,-6.1755e-09-1.5161e-07i,-9.3708e-10-7.7162e-08i,-2.8409e-08+4.5051e-08i,1.0735e-08+5.3828e-08i,3.7811e-09-1.4843e-08i,-4.6498e-08+7.9882e-08i,6.0367e-09-1.6879e-08i,4.4849e-08-6.3131e-08i
1.6242e-08+4.6831e-09i,-8.0109e-08+1.1225e-08i,-2.7006e-08+5.6528e-09i,1.6687e-08+1.1802e-08i,1.6487e-08-9.8604e-10i,3.8705e-08-8.8867e-08i,1.1741e-09+3.7267e-08i,8.7718e-09-2.7455e-08i,-1.0675e-08+5.9547e-08i,-2.6552e-08-3.9327e-08i,1.2341e-08-2.6941e-09i,-8.9758e-09-6.7522e-09i,1.8752e-08+8.5163e-09i,-3.4941e-09-5.4751e-08i,5.7109e-08+5.2247e-08i,2.5092e-08-5.4476e-08i,-3.5693e-08-4.1535e-08i,-4.6911e-08+3.9971e-09i,-3.0999e-09+1.9583e-08i,2.1076e-09-2.1756e-08i,-4.3004e-08+6.4997e-11i,-8.4742e-09+4.2174e-08i,-3.1201e-08-6.3011e-09i,-5.6051e-08+1.9662e-08i,-5.2091e-08-5.2569e-08i
5.6166e-08+1.9935e-08i,6.1062e-08-4.3584e-08i,-1.4093e-08-6.2561e-08i,-6.3834e-08-1.8071e-08i,-3.7263e-08-8.3901e-09i,3.1966e-08-6.6091e-09i,2.2202e-08-3.8017e-08i,1.1732e-08+3.0975e-08i,-7.1347e-08-4.929e-08i,-2.1779e-09+3.1749e-08i,2.6056e-08-8.6598e-08i,1.5788e-08+2.0044e-08i,-5.2541e-09+4.7873e-08i,9.3024e-10+7.5511e-08i,4.8369e-09+3.8501e-08i,-4.1203e-08-2.7528e-08i,-2.4972e-08+1.4771e-08i,-2.5212e-08+2.3586e-08i,5.9305e-08+5.1198e-08i,-3.0509e-09+2.4428e-08i,-8.3788e-08+3.5771e-08i,1.5372e-08-4.7102e-08i,2.4949e-08+6.7521e-08i,-4.368e-08-3.2216e-08i,5.7727e-08-5.2763e-08i
4.9891e-08-7.1412e-08i,-4.7928e-08-4.9195e-08i,-2.985e-09+5.7074e-08i,-4.9687e-08-4.4907e-08i,7.1583e-08-3.7446e-08i,-1.2997e-08+1.4729e-08i,-6.8406e-08-3.9349e-08i,-8.3302e-09+2.5856e-08i,1.0759e-07+1.4136e-08i,3.549e-09+1.2196e-09i,9.7306e-09-1.1976e-07i,2.6065e-09-4.7845e-08i,-7.2653e-08+3.0683e-08i,8.3174e-09+4.7286e-08i,-6.3705e-08+2.7436e-08i,-7.7368e-08-4.0362e-09i,-1.0862e-07+6.4671e-09i,-1.529e-08-1.3284e-08i,-3.2105e-08+8.1712e-09i,1.9474e-08+2.3067e-08i,4.6375e-08+1.9912e-08i,1.3445e-09+4.3508e-08i,-3.8829e-08+6.4392e-08i,-3.2581e-08-2.573e-08i,1.4667e-08+6.6854e-08i
-6.2922e-09+2.1166e-08i,2.0108e-08-7.2333e-09i,6.6106e-08-1.3777e-08i,-3.1569e-09-1.0335e-07i,-2.7541e-08+1.2922e-08i,-9.002e-08-5.4602e-08i,-5.7063e-08+2.1487e-08i,3.422e-08+1.6849e-08i,-4.3279e-10+3.1873e-08i,2.7471e-08-1.3178e-08i,1.4164e-08-1.0454e-08i,2.7043e-08-1.5948e-08i,-3.3258e-08+6.7571e-08i,-5.5209e-08+2.1432e-08i,2.7467e-08+5.1759e-08i,-5.061e-08-3.4987e-08i,-1.4381e-08-5.0401e-09i,6.4858e-08+4.5401e-08i,4.4402e-08-2.8475e-08i,2.7859e-08-2.1743e-08i,-1.3321e-08-9.3503e-08i,2.9526e-08+2.4181e-08i,-1.2344e-08+4.673e-08i,3.6833e-09+5.1681e-09i,5.4451e-09+5.1038e-08i
6.5044e-08+4.9613e-08i,-1.7334e-08+5.1889e-08i,1.507e-08+6.7601e-08i,6.9172e-08-4.1717e-08i,1.5337e-08-9.2345e-08i,8.8929e-09+6.9038e-08i,-6.6713e-08-3.0425e-08i,3.4384e-09+1.2856e-08i,4.1839e-09+1.7787e-08i,4.7963e-08-2.6508e-09i,-4.7314e-08-1.2895e-10i,1.2648e-08-4.3617e-08i,2.1445e-08+4.9496e-09i,-3.3623e-08+1.5518e-08i,1.2839e-08+2.8425e-08i,5.0812e-08+4.2769e-09i,1.176e-07-2.8891e-08i,-3.1452e-08-6.8219e-08i,5.544e-09+5.0466e-08i,-4.7395e-08+1.8433e-08i,-2.0192e-08+3.0518e-08i,7.4797e-08+1.0378e-09i,9.3142e-08+2.8572e-08i,9.0801e-09-3.5914e-08i,-3.2045e-08+2.3971e-08i
4.2296e-08+1.0993e-07i,3.7735e-08-1.1296e-07i,2.2875e-08+5.1001e-09i,5.2466e-08-9.723e-09i,-4.2807e-08-9.2488e-09i,-4.0384e-09+6.6867e-08i,7.113e-08+2.935e-08i,-5.8423e-08-2.556e-08i,-5.3479e-08+8.2921e-09i,-4.8709e-08+2.0818e-08i,-2.1446e-08+1.0398e-08i,-3.5217e-08+8.0405e-09i,-4.9091e-08+1.2516e-08i,-1.4004e-08+8.423e-08i,-1.0034e-07+2.7063e-09i,1.8036e-08+2.9063e-08i,-3.314e-09-1.8154e-08i,-1.9086e-08+6.069e-09i,-1.2339e-09-3.6007e-09i,5.6011e-09-1.1072e-08i,-8.4304e-09-1.2637e-07i,-4.1422e-08-5.4818e-08i,-6.3067e-08+1.9929e-08i,3.7248e-08+2.3531e-08i,-2.6953e-09-4.2441e-08i
-3.058e-09+4.5109e-08i,7.2472e-08+1.9498e-08i,-8.1678e-09-2.0341e-08i,2.948e-09-1.0989e-07i,-3.2777e-08-5.2786e-08i,9.3349e-08+6.4597e-08i,-3.0186e-09+8.9466e-08i,-8.4614e-08+7.3957e-11i,1.6586e-08-1.0552e-08i,3.3053e-08-7.0151e-08i,9.5115e-10-7.6129e-08i,-6.581e-08+8.1994e-09i,1.1802e-08-1.9851e-08i,1.8621e-08-4.7477e-08i,2.8975e-08+3.9966e-08i,-3.3544e-10-1.0111e-08i,7.7266e-08-4.2686e-08i,-5.833e-08-2.7187e-08i,4.2999e-08+8.9533e-08i,-2.0967e-09-4.6908e-08i,3.3982e-08-1.054e-07i,3.9487e-08+5.9366e-08i,-2.3191e-08+2.7784e-08i,6.1912e-10-3.1332e-08i,-1.1059e-08+1.1387e-08i
-2.2428e-09+3.6677e-08i,2.9029e-08-7.3737e-08i,-3.0673e-08+4.9973e-08i,4.9545e-08+2.845e-08i,-8.1677e-09+5.1746e-08i,-1.2693e-08+8.7066e-09i,1.7829e-08-7.7683e-09i,-3.6072e-08+9.8258e-09i,-1.0378e-08-2.2163e-08i,-7.0621e-08+2.3503e-08i,-4.6483e-08-7.2727e-08i,7.0329e-09-4.2036e-09i,9.2436e-09+9.3251e-10i,4.9999e-08-7.0026e-09i,2.4573e-08-3.5164e-08i,-3.1888e-08+4.0664e-08i,3.8896e-08+5.0525e-08i,-1.3959e-08+5.5293e-08i,-5.1755e-08-2.0169e-08i,-3.6588e-08-2.3521e-08i,-1.7325e-08+2.7913e-08i,4.1971e-08+3.4072e-08i,1.0719e-07+1.8295e-08i,2.4781e-08-5.424e-08i,3.3964e-08-2.0237e-08i
5.8444e-08-3.4789e-09i,1.4421e-08-4.3296e-08i,-3.5956e-08+2.9044e-08i,9.6069e-08-4.904e-08i,1.129e-07-3.7792e-09i,3.4399e-08-6.3736e-08i,-2.9111e-08+7.9045e-08i,1.1577e-08+1.9036e-08i,2.8888e-08+9.8561e-08i,6.5627e-08+3.6551e-08i,5.9334e-09+5.3695e-08i,9.0609e-08+9.4624e-08i,-9.0414e-08-1.4883e-09i,3.3101e-08+4.4789e-08i,1.3292e-08+1.2048e-08i,7.2382e-08-3.3909e-08i,-6.708e-08-2.3656e-08i,-3.057e-08-4.2838e-08i,4.9885e-08-4.783e-08i,5.309e-09-8.6483e-10i,4.6491e-08+6.3012e-09i,1.9929e-08-8.4699e-09i,-8.5569e-08+8.8189e-09i,-6.393e-08-7.6268e-08i,6.15e-08-1.3764e-08i
2.41e-08+1.8546e-08i,-3.1471e-09+4.1672e-08i,5.0979e-08+2.8972e-08i,3.2047e-08+7.2466e-08i,9.6137e-09+3.7683e-08i,3.3319e-08-8.1149e-08i,6.9545e-08+7.6779e-08i,-3.9573e-08+5.1677e-08i,-1.3745e-07-8.7462e-09i,7.4811e-08+6.7445e-09i,-3.3172e-08+8.5462e-08i,-9.8098e-09-4.3659e-09i,-2.497e-08-2.2389e-09i,-5.0928e-08-9.842e-10i,-8.3788e-08-9.5168e-08i,-3.3071e-08+2.233e-08i,4.3432e-08+3.359e-08i,3.2115e-08-1.9775e-08i,4.0248e-08-1.2716e-08i,2.2979e-08-2.1059e-08i,-1.3962e-08+6.2727e-09i,1.0805e-08-7.9388e-08i,-4.6644e-08-5.6939e-08i,1.1741e-08+5.5884e-08i,-1.4776e-08+3.445e-08i
-5.3477e-08+3.0934e-08i,-6.4414e-08-1.4866e-08i,-1.9819e-08-1.3671e-08i,-7.1727e-08-2.1956e-09i,2.701e-08-2.1364e-08i,6.5487e-08+1.3635e-08i,-5.6489e-08+2.0921e-09i,1.1582e-07+1.2392e-08i,9.8742e-09-4.3364e-09i,4.986e-08+1.0397e-08i,4.3207e-09-3.1107e-08i,9.845e-08+4.5849e-08i,-4.8817e-08+1.0557e-08i,-9.8243e-10+1.2056e-07i,-2.4588e-08+3.2678e-08i,-3.8894e-08-2.8105e-08i,-1.9533e-08-8.553e-08i,3.6335e-08+6.3747e-08i,-1.2303e-08-1.6484e-08i,-4.855e-08+2.191e-09i,3.4058e-08-8.8904e-09i,5.1187e-08+8.4594e-08i,1.2329e-08-1.0843e-08i,5.3815e-08+4.4181e-09i,-6.2244e-08+1.3549e-08i
-4.0936e-08+1.3737e-08i,-2.9655e-08+3.9183e-08i,-1.1829e-08+3.3377e-08i,-6.0104e-08+9.6795e-09i,-6.1292e-10-1.9487e-08i,5.8833e-09-5.2612e-08i,4.4421e-08+1.2271e-08i,-4.5786e-08-2.0583e-08i,-3.2989e-08-6.2414e-09i,1.7348e-08+4.4348e-08i,3.6643e-08-6.1814e-09i,8.7349e-08+5.5502e-08i,2.7165e-08-1.6207e-09i,-4.0121e-09-7.2966e-08i,-6.474e-08+2.1769e-09i,-6.2503e-08+4.2386e-08i,-1.2777e-08+5.5024e-08i,2.3878e-08-5.3283e-09i,-1.9407e-08+2.0002e-08i,4.3076e-08+3.7531e-08i,1.0345e-07+9.5369e-09i,1.0099e-08+2.477e-08i,-6.9049e-08-2.268e-08i,-2.687e-08+1.1567e-08i,-7.2837e-09-4.2853e-08i
-7.8892e-09+8.6981e-08i,-9.1009e-09-2.3343e-08i,-1.0441e-07+1.6199e-08i,-4.5585e-08-6.4003e-08i,2.3801e-08+5.0365e-08i,1.6e-08-2.751e-08i,-3.9266e-08+6.9113e-08i,1.1447e-08+5.3716e-09i,4.5254e-08+4.8117e-08i,1.132e-08-3.9692e-08i,1.3762e-08+2.8881e-09i,3.2074e-08+5.0551e-08i,-1.6976e-08-1.7641e-08i,-7.3918e-08-7.9459e-09i,1.1068e-08+1.5215e-08i,4.8915e-08+4.2424e-08i,6.732e-08+2.8929e-08i,5.856e-08-8.7921e-08i,5.6316e-09-1.6944e-08i,2.9306e-08-1.176e-07i,-5.5552e-08+4.0445e-08i,-7.0636e-08+5.8092e-09i,-1.5205e-07-2.4583e-08i,1.3427e-08-2.3546e-08i,-2.4371e-08+4.5926e-08i
2.6008e-08+1.9595e-09i,2.6245e-09-4.5499e-08i,5.1512e-08+5.377e-08i,-4.7193e-08+9.4983e-08i,3.5046e-08-1.0197e-09i,-5.3385e-09+4.0901e-09i,1.0075e-08+2.894e-08i,1.2643e-08+3.2671e-08i,5.7801e-09-1.0228e-07i,3.9067e-08-4.6515e-09i,4.2612e-08-9.9351e-09i,-1.602e-09-3.7652e-08i,-7.8574e-08+2.1915e-08i,3.8271e-09+4.6729e-08i,-2.3416e-08+1.2079e-08i,1.9181e-08-3.8013e-09i,-7.5587e-08+7.4452e-09i,-3.959e-08+3.3106e-08i,-4.8844e-08-1.3638e-08i,-6.1189e-08+2.2295e-08i,-3.4958e-08+4.2831e-08i,-2.4962e-08-4.8281e-08i,8.8649e-08-6.9429e-09i,2.1862e-08+4.3432e-08i,7.2328e-08+3.3564e-08i
-1.5078e-07-1.5852e-07i,-8.5405e-08-2.5309e-08i,-4.5491e-08-9.6908e-08i,-4.0831e-08-4.4096e-08i,-1.2884e-07-8.4771e-08i,-6.8278e-08-1.1438e-07i,-4.9338e-08-1.1246e-07i,-9.2653e-08-5.7225e-08i,2.3206e-09-9.4873e-08i,-8.609e-08-1.254e-07i,-7.4444e-08-1.4684e-07i,-1.1532e-07-1.4903e-07i,-6.2085e-08-9.397e-08i,-6.3968e-08-9.3896e-08i,-9.8026e-08-1.4874e-07i,-1.1128e-07-1.2763e-07i,-5.2816e-08-9.4596e-08i,-1.2969e-07-1.0358e-07i,-7.2883e-08-3.3474e-08i,-8.7817e-08-1.0442e-07i,-1.1734e-07-1.7538e-07i,2.3313e-09-1.6798e-07i,-2.7181e-08-1.5443e-07i,-1.2959e-07-1.6621e-07i,-5.4924e-09-1.2294e-07i
-3.0066e-07-3.9812e-07i,-2.0984e-07-2.8259e-07i,-2.3505e-07-3.782e-07i,-1.4787e-07-4.6941e-07i,-2.2796e-07-3.7e-07i,-2.6986e-07-3.6006e-07i,-3.131e-07-4.5044e-07i,-3.3492e-07-4.1043e-07i,-3.0413e-07-5.2053e-07i,-3.2916e-07-3.7217e-07i,-2.6343e-07-5.0058e-07i,-2.1046e-07-3.4116e-07i,-2.1178e-07-3.7759e-07i,-2.7287e-07-4.3653e-07i,-2.723e-07-4.396e-07i,-2.7266e-07-4.3203e-07i,-2.8383e-07-4.4297e-07i,-1.762e-07-4.4515e-07i,-2.596e-07-3.8437e-07i,-2.4352e-07-3.4541e-07i,-2.8424e-07-4.4194e-07i,-3.1624e-07-3.7241e-07i,-2.6449e-07-4.1561e-07i,-2.5722e-07-4.3517e-07i,-2.4077e-07-5.2295e-07i
-3.5767e-07-5.5375e-07i,-3.4031e-07-4.8065e-07i,-3.0623e-07-4.8988e-07i,-3.2124e-07-5.5402e-07i,-3.4884e-07-4.2096e-07i,-2.9565e-07-6.0309e-07i,-3.0253e-07-5.1287e-07i,-2.6738e-07-5.878e-07i,-3.6483e-07-5.7551e-07i,-3.0945e-07-5.7221e-07i,-2.6723e-07-5.653e-07i,-2.7873e-07-4.7443e-07i,-3.3443e-07-4.9433e-07i,-4.1734e-07-5.8562e-07i,-2.9633e-07-5.4454e-07i,-3.3764e-07-4.1052e-07i,-3.0529e-07-4.472e-07i,-2.683e-07-4.7245e-07i,-3.2916e-07-5.2983e-07i,-3.0621e-07-5.3109e-07i,-2.7641e-07-4.8691e-07i,-2.8627e-07-4.6592e-07i,-3.4383e-07-4.9632e-07i,-3.6306e-07-4.3975e-07i,-2.4904e-07-5.1549e-07i
-5.7411e-08-2.1259e-07i,-8.8232e-08-2.1009e-07i,-1.9053e-07-2.6154e-07i,-5.4021e-08-2.7485e-07i,-1.6633e-07-2.6187e-07i,-1.7701e-07-2.303e-07i,-9.262e-08-1.6324e-07i,-1.7312e-07-2.2326e-07i,-1.2848e-07-1.7107e-07i,-5.2597e-08-2.7062e-07i,-8.536e-08-2.0547e-07i,-8.5353e-08-1.8479e-07i,-1.2172e-07-2.2493e-07i,-7.6872e-08-2.3456e-07i,-1.1348e-07-2.529e-07i,-1.7121e-07-2.4276e-07i,-1.4968e-07-2.3553e-07i,-8.0299e-08-2.4166e-07i,-1.4409e-07-1.8559e-07i,-1.0618e-07-2.3347e-07i,-1.6984e-07-2.0841e-07i,-1.7888e-07-2.3808e-07i,-1.681e-07-1.8815e-07i,-1.5331e-07-2.5494e-07i,-1.0234e-07-1.6297e-07i
6.1731e-10+1.9042e-08i,5.8283e-08-4.1136e-08i,-1.4125e-08-6.9673e-08i,-2.5147e-09+6.1533e-08i,-1.8579e-08-4.8791e-10i,1.0813e-08+6.0056e-08i,-4.8619e-08+6.2295e-08i,1.5096e-08-4.1911e-09i,-3.8063e-09-2.206e-08i,1.2646e-07+3.0178e-08i,1.5321e-08-4.868e-08i,-5.5929e-08+1.61e-08i,-4.3346e-08+9.8489e-09i,-1.1724e-08+7.007e-08i,-7.2823e-09-4.7487e-09i,8.3242e-08-1.532e-08i,9.8597e-09-2.7525e-08i,7.9265e-09-6.653e-08i,-1.1997e-09+1.2227e-08i,-4.6935e-08-3.1727e-09i,1.1911e-08-4.8033e-08i,-5.1454e-09-3.285e-08i,1.4601e-08-1.3387e-08i,-1.2193e-08-1.3884e-07i,2.5072e-08-3.5698e-09i
1.4759e-08-1.3229e-08i,8.8131e-08+3.38e-08i,-3.4826e-08+2.0818e-08i,4.8545e-08+5.5764e-08i,8.0853e-08-9.8354e-08i,-4.045e-10-1.8221e-08i,-1.3347e-07+1.6618e-08i,5.9747e-08+5.5453e-08i,-4.7682e-08+6.8908e-10i,3.2719e-08+3.5148e-08i,6.0503e-08-1.6788e-09i,2.731e-08-3.579e-08i,-5.418e-08+5.4335e-08i,5.5101e-08-2.1396e-08i,-8.6642e-08-2.3188e-09i,-2.0562e-09+7.7871e-08i,4.2809e-08+3.6916e-08i,2.7767e-08-6.575e-08i,1.9418e-08-3.5861e-08i,-1.6332e-08+3.4179e-08i,-5.4813e-08-3.9611e-08i,1.2224e-08-1.512e-08i,2.1978e-08-1.6468e-08i,-9.1098e-09-1.8808e-08i,2.0257e-08+3.9476e-09i
2.6378e-08+5.0097e-08i,-5.2637e-09-3.7023e-08i,-1.6746e-08+2.8372e-08i,-4.2461e-09+1.8326e-08i,-4.2232e-08-3.9907e-08i,1.3857e-08+1.3133e-09i,4.3002e-08-6.7077e-08i,3.5371e-08+3.9557e-08i,-5.6036e-08-4.0232e-08i,-5.1318e-08-5.3852e-09i,7.1035e-08-6.3732e-08i,-1.9934e-08-2.1996e-09i,5.1717e-08-6.9404e-08i,-6.5221e-08-1.9293e-08i,-5.743e-08+4.9207e-08i,-4.601e-08+2.1326e-08i,-1.1225e-08-4.2276e-08i,2.2289e-08+7.7704e-08i,2.9578e-08+2.2268e-08i,7.4259e-08+2.3088e-08i,2.1798e-08+6.5487e-08i,-3.4672e-08+1.9524e-09i,-1.2518e-07+2.9876e-08i,3.778e-08-1.3079e-08i,5.6478e-08+6.0727e-08i
1.5005e-08+2.5653e-08i,-1.474e-08+5.8027e-08i,-7.144e-08-1.4866e-08i,9.8297e-09+3.0782e-08i,2.0757e-08-6.1216e-08i,3.0459e-08+1.1923e-08i,-1.8691e-08-1.2477e-09i,8.0425e-09-2.2453e-08i,7.1354e-08+6.4218e-09i,-9.6695e-09-1.035e-07i,-6.072e-08+2.7454e-08i,8.4333e-08-1.6983e-08i,2.3318e-08+4.149e-08i,1.1434e-08+2.3644e-08i,3.9379e-09-2.7667e-08i,-2.6053e-08+2.2026e-08i,1.1253e-08-2.727e-08i,2.7934e-08+3.8996e-08i,-1.3855e-08+3.0148e-08i,-5.4509e-08+3.0401e-08i,5.7047e-08+3.6758e-08i,-1.025e-07-8.518e-09i,6.765e-08+7.3033e-08i,-4.9889e-09-4.6178e-08i,8.0837e-09+2.2574e-08i
1.8606e-08+3.6076e-08i,3.4003e-08+1.4548e-08i,-2.2498e-08-3.1292e-08i,-8.0015e-10-5.9958e-08i,9.5496e-09+3.0955e-08i,-4.999e-08-1.0777e-08i,-1.889e-08+3.4605e-09i,-8.1232e-09-4.2841e-08i,5.4622e-08-1.3796e-08i,1.683e-08-3.6088e-09i,-3.4927e-08+3.1011e-08i,-1.7835e-09-3.6291e-08i,-5.3426e-08-8.7693e-08i,7.138e-08-6.8214e-08i,-8.3663e-09-4.9156e-08i,4.987e-09+4.1294e-08i,3.043e-08+7.7014e-08i,1.0478e-07+7.4201e-08i,3.1312e-08-3.0008e-08i,-7.711e-08+3.7662e-08i,-6.5012e-09-2.407e-08i,2.5959e-08-1.6162e-08i,-7.5667e-08-2.8853e-08i,1.861e-08-5.5167e-08i,7.1957e-08+6.6978e-08i
-8.0356e-09+5.7147e-08i,3.1505e-09-7.2703e-08i,2.588e-08+1.3396e-08i,6.2816e-08-2.7249e-08i,2.5641e-08-3.2104e-08i,2.5548e-08+5.2771e-08i,-2.5838e-11-3.558e-09i,-2.9858e-08-1.0087e-07i,3.8298e-08-3.6948e-08i,7.2167e-09+5.2865e-08i,2.6877e-08+8.6897e-08i,4.5467e-08-5.7497e-08i,3.344e-08+3.7975e-08i,1.8399e-09-7.7943e-08i,-1.0086e-07-6.5195e-09i,1.0982e-09+4.6829e-08i,5.9486e-08-9.3171e-09i,5.096e-08+2.224e-08i,2.5418e-08+4.1701e-08i,2.9762e-08-2.2061e-08i,1.5379e-08-1.8311e-08i,4.5315e-08+3.6662e-09i,-4.289e-08-6.4496e-08i,-1.9412e-08-6.0267e-08i,4.5972e-08+4.8915e-08i
-1.9407e-09+7.1571e-08i,1.4688e-08+1.2165e-08i,3.0072e-08+2.9346e-08i,1.9238e-08-2.425e-08i,-3.7007e-08-1.0691e-07i,-4.8532e-08+3.4007e-08i,5.4273e-08-1.7209e-08i,-2.8861e-09-6.7897e-08i,1.3796e-08-1.1894e-08i,3.1868e-08-5.7596e-08i,2.7867e-08+1.1757e-08i,-9.038e-09+5.5631e-08i,7.7542e-09-5.5386e-08i,5.1639e-08-2.7614e-08i,7.2942e-08-1.5741e-08i,6.4655e-08+1.0213e-08i,3.2537e-08-4.722e-08i,2.5695e-08+3.2097e-08i,-5.0196e-08-1.1808e-08i,-5.785e-09+1.9687e-08i,-9.4319e-08+3.4074e-08i,3.4135e-08-6.0347e-08i,-3.9853e-08-5.8028e-08i,8.2753e-08-2.0739e-08i,-4.6626e-08+9.3423e-08i
1.8672e-09+5.1459e-09i,2.2097e-08+1.0654e-08i,8.7218e-09-5.2057e-08i,-7.7534e-08-4.8249e-10i,6.4895e-08+7.8948e-08i,-1.4625e-08+3.4809e-08i,-2.1126e-08+1.6133e-08i,6.4899e-09-7.0023e-08i,-1.7085e-08-1.0443e-08i,3.5009e-08-3.7694e-08i,7.7707e-09+8.5289e-09i,-2.6945e-08-6.4819e-08i,-5.4999e-08+1.0846e-08i,1.5082e-08+1.2203e-08i,-4.0558e-08-6.1657e-08i,-6.1789e-09-3.9767e-08i,-1.0575e-07+1.7853e-08i,4.0115e-08+3.1309e-08i,8.7724e-09+9.4843e-09i,2.3748e-09+1.8367e-08i,6.3449e-09-7.1204e-08i,-4.2734e-08+4.0614e-09i,2.9676e-09-3.7946e-08i,4.2858e-08+5.1755e-09i,1.9174e-08-1.1766e-08i
1.6375e-09-4.0097e-08i,-5.7047e-08+4.5678e-09i,7.0858e-09-2.0478e-08i,-2.0023e-08+7.6272e-08i,-5.7363e-09+1.3838e-08i,-1.3063e-08+3.0415e-08i,-9.2519e-10+1.3311e-08i,4.8662e-08+4.6686e-08i,-6.8727e-08+2.9751e-08i,7.4314e-09+2.2833e-08i,7.4884e-08+1.7587e-08i,-1.3795e-08-7.9894e-09i,-7.0972e-08-9.262e-10i,-7.1153e-08+1.0608e-08i,4.0222e-08-8.9469e-09i,-9.4161e-10-2.3257e-08i,2.7388e-09+2.7069e-08i,8.0599e-08+2.2452e-08i,2.1167e-08+2.9488e-08i,1.2488e-09-8.5785e-09i,-6.731e-08-1.2835e-08i,-4.7905e-08-6.1501e-08i,4.2162e-08+2.2289e-09i,3.9227e-08+2.4992e-08i,-7.4476e-08+2.0498e-08i
1.4341e-08+1.2375e-08i,5.5427e-08-1.7137e-08i,-3.2695e-08-3.8335e-09i,1.9358e-08-5.3674e-08i,3.2507e-08+5.6018e-08i,5.1889e-08-3.5898e-08i,-2.0556e-08-1.3149e-08i,2.1528e-08+7.6763e-08i,-1.2817e-08-2.5515e-08i,3.7332e-08-6.2399e-08i,9.1383e-08-4.2639e-09i,-7.1962e-08+2.8685e-08i,9.5701e-08-5.9362e-08i,-5.2901e-08-1.1201e-08i,-9.8151e-08+2.3379e-08i,2.5735e-10+7.2893e-08i,6.7093e-08-4.9381e-08i,9.6229e-09-1.5718e-08i,1.1405e-08+7.189e-09i,1.1706e-07-4.2659e-08i,-8.5395e-08-3.4423e-08i,7.1377e-09+5.1201e-08i,6.5648e-08+3.2747e-08i,-1.8089e-08-5.1902e-08i,-1.374e-08-3.4491e-08i
3.4571e-08+6.8549e-08i,-1.9943e-08-1.4908e-08i,6.1438e-09-3.0348e-08i,6.4723e-10-1.213e-08i,-1.4675e-08+2.4233e-08i,7.8644e-08-3.8259e-08i,-4.3748e-08-8.0866e-08i,5.8018e-08+2.8922e-08i,4.6694e-08-3.0164e-08i,-4.8156e-09-6.6117e-08i,-3.0783e-08-6.2151e-09i,-3.3092e-08-5.7406e-09i,-4.1757e-08+1.6447e-08i,2.7489e-08+2.0962e-08i,3.1981e-08-4.4856e-08i,-1.1311e-08-2.9515e-08i,-6.5582e-08-6.3301e-08i,5.2553e-09-3.7497e-08i,1.0954e-08-9.4554e-09i,-4.1698e-08+2.3305e-08i,-5.7656e-09-7.4733e-08i,-8.1794e-08-6.1052e-09i,5.2412e-08+7.2225e-08i,3.2547e-08+5.0073e-08i,-2.3289e-08-8.5914e-08i
6.9087e-09+1.3689e-08i,2.5514e-08-2.6754e-08i,1.2183e-08+7.0249e-08i,5.7652e-09-7.017e-08i,-2.0652e-08-5.0814e-08i,-3.172e-08+8.258e-09i,-1.0429e-07+5.7031e-09i,-8.9442e-09+4.2144e-08i,-2.3354e-08-2.9212e-08i,-1.3779e-08-8.5596e-08i,-1.2371e-08+1.6988e-08i,2.0647e-09-5.4859e-08i,-2.4058e-08-4.263e-08i,4.8003e-08+7.0245e-08i,1.2787e-08-7.1297e-08i,5.7917e-08-7.5822e-08i,8.6323e-09+1.6565e-08i,8.5972e-09-4.7787e-08i,2.5475e-09+6.8062e-08i,-3.5315e-08+1.818e-08i,-6.4505e-08-6.2001e-08i,3.2488e-08-8.017e-09i,-8.7052e-08-2.3182e-08i,-3.3248e-08+1.0477e-07i,-7.0262e-08+6.2248e-08i
-6.1736e-08-1.2826e-08i,-1.357e-07+2.6265e-08i,-2.6467e-08+4.6132e-08i,6.3638e-09+1.3114e-08i,-5.256e-08+5.8462e-08i,1.7159e-08+1.5327e-08i,-4.5142e-08-1.6574e-08i,-3.0122e-09+1.3431e-07i,1.3656e-08+8.5655e-08i,-1.5166e-08+2.101e-09i,2.2498e-08-7.7696e-08i,2.7298e-08+2.2191e-08i,-5.6459e-08+4.254e-08i,-5.9949e-08-6.216e-08i,-5.1973e-08-7.3449e-10i,9.4968e-09+2.9871e-08i,-3.634e-08+9.9851e-08i,-1.3453e-09+9.6361e-08i,-2.3643e-08+2.7513e-09i,-3.405e-08+1.7675e-08i,-2.4833e-08+5.0488e-08i,-8.9132e-08-3.0366e-08i,1.7986e-08-1.2914e-07i,4.0347e-08+8.1593e-08i,5.3774e-09+7.9448e-08i
5.3347e-08-1.2995e-08i,-1.6926e-08+2.38e-08i,2.3163e-08+5.361e-08i,2.6952e-08-3.8687e-08i,-5.6539e-08-3.5119e-08i,2.5048e-08-8.771e-08i,6.4175e-08-8.8401e-09i,-4.1307e-09+2.4017e-08i,-4.134e-08+5.6767e-08i,-3.0721e-08-2.9986e-08i,-7.0011e-08-8.8145e-09i,-1.6508e-09+4.681e-08i,5.7549e-08+2.3768e-08i,7.0276e-08-4.4417e-08i,5.9694e-08-3.9231e-08i,-1.153e-08-4.675e-08i,-1.0326e-08-2.1514e-08i,-7.8212e-08-3.5562e-08i,-2.5035e-08-6.257e-08i,1.5332e-07-6.2034e-08i,1.4776e-08-2.5448e-08i,-3.9624e-08-4.6025e-09i,-1.1398e-07-2.7737e-08i,3.0592e-08-3.4848e-09i,7.1206e-08+2.0717e-08i
7.2893e-08-3.2937e-08i,7.2626e-08+6.8098e-08i,-2.0303e-08+2.7629e-09i,-1.5415e-08-3.7224e-09i,7.5423e-08-4.7709e-08i,4.6519e-08+2.9405e-08i,2.7723e-08-6.8752e-08i,-2.9452e-08-5.1768e-08i,2.467e-08+1.085e-08i,-4.5449e-08-6.7077e-08i,5.3283e-08-1.9564e-08i,-3.1711e-08-5.1067e-08i,7.9789e-09+3.1347e-08i,3.0852e-08+6.5645e-08i,-2.8982e-08-5.0152e-08i,-2.5556e-08-2.2637e-08i,3.9042e-08+8.2959e-08i,-3.2509e-08-3.7191e-08i,-2.9366e-09-4.437e-08i,5.6487e-08-1.0546e-09i,3.2962e-08+5.97e-08i,1.2649e-08+1.2145e-07i,-1.1191e-09-5.9464e-08i,-1.3317e-08-3.4459e-08i,-4.896e-08-5.8553e-08i
4.4112e-08+7.6943e-08i,-3.0605e-08-1.856e-08i,4.5964e-08+6.7128e-08i,-2.4299e-08-3.0796e-08i,-9.9263e-08-4.2779e-08i,-7.5626e-09+7.2373e-09i,2.2839e-08+3.3896e-08i,8.3065e-09-7.5251e-08i,-3.4061e-08-6.8727e-08i,2.3567e-08-8.5284e-09i,4.8495e-09+5.1656e-08i,1.5903e-08-2.4999e-08i,-2.4711e-08-3.3522e-08i,-4.3281e-08+6.2932e-08i,-4.9562e-08-9.7653e-09i,7.6634e-08+5.7867e-09i,4.5239e-09-2.2597e-08i,1.8334e-08+9.867e-09i,3.237e-08-1.392e-08i,3.5891e-08-2.0203e-08i,9.9424e-09-4.7049e-08i,2.0639e-09+5.0564e-08i,-2.7545e-08+1.8449e-08i,-3.1733e-08+1.1402e-08i,6.864e-09-2.2298e-09i
-1.5281e-08+4.3139e-08i,5.7736e-08-9.6356e-08i,3.8284e-08-7.1014e-10i,1.8407e-08-1.5319e-08i,-1.7131e-08+1.6503e-08i,-6.5187e-09-3.1532e-08i,-1.7617e-08+2.1543e-08i,-1.6003e-08-3.3037e-09i,-1.2142e-08+6.5461e-08i,2.4895e-08-4.4607e-08i,-2.4588e-08+3.3824e-08i,-4.0964e-09+2.4484e-08i,3.5894e-08+7.1064e-09i,-5.3495e-09-7.4331e-09i,2.4327e-08-4.458e-08i,1.7916e-08-4.3895e-08i,-1.8783e-08+2.1951e-08i,-7.7374e-08-4.4078e-08i,-3.7486e-08-4.5611e-08i,-2.2507e-08-6.3804e-09i,1.5086e-10-3.8626e-10i,2.1941e-08-6.132e-09i,1.423e-08-5.371e-08i,-1.2858e-08-2.1054e-08i,1.0724e-07+1.5553e-08i
6.0955e-08+7.813e-09i,8.1097e-09+5.0985e-08i,2.3312e-08+1.3951e-07i,-9.7133e-09-6.45e-08i,-3.5211e-08-1.6164e-08i,5.1096e-08+6.2052e-08i,1.336e-08+2.4058e-08i,-3.5576e-08+1.7827e-08i,-5.2894e-08+6.5053e-08i,-7.2999e-08+4.2855e-08i,2.6294e-08-3.945e-08i,1.0045e-07+4.7097e-08i,-5.1659e-08-5.1485e-08i,1.1478e-08-4.3929e-08i,4.3793e-08-2.5055e-08i,-3.0645e-08-5.0228e-08i,9.2848e-08-4.9916e-08i,-1.1035e-07+2.2425e-08i,1.7448e-08+7.3385e-08i,-3.6696e-08-3.2205e-08i,2.2004e-08+6.0778e-08i,2.7544e-08-9.4753e-09i,-4.2136e-08-6.8278e-08i,4.4876e-09+9.6504e-09i,2.5306e-08+8.1945e-08i
5.5194e-08+2.4144e-08i,-4.5136e-08-1.0279e-07i,1.4594e-08-4.4755e-08i,-6.1997e-09+4.7429e-08i,-2.871e-08-3.7281e-08i,5.2862e-08+4.0333e-09i,-3.98e-09+1.3147e-08i,-1.7974e-08-3.134e-08i,4.0283e-08-2.5543e-09i,5.0226e-08+2.4111e-08i,1.4818e-08+4.7667e-08i,3.1304e-08-5.182e-08i,5.0613e-09+3.9501e-08i,-1.6555e-08+4.739e-08i,3.3395e-08+7.7338e-08i,4.0582e-09-8.9894e-08i,-1.0346e-07-2.7293e-08i,-5.8438e-08+9.7527e-09i,-8.4153e-08-4.7243e-08i,-8.3642e-08-4.2017e-08i,-3.914e-08-3.2316e-08i,3.8595e-08+2.07e-08i,-2.0567e-08+1.8078e-08i,2.4304e-08-6.1851e-08i,-3.6183e-08+5.8092e-08i
1.6477e-08-8.1624e-08i,-1.816e-08+5.2665e-08i,-5.1032e-09-8.5883e-08i,-1.0116e-07-2.2415e-08i,5.5731e-08+4.343e-08i,-5.9903e-08-5.4511e-08i,4.4493e-08+1.1712e-08i,-6.5999e-08-3.666e-08i,-2.675e-08-4.3686e-08i,-8.5064e-09-1.4112e-08i,-4.7259e-10-9.9367e-09i,6.0457e-08+5.7169e-08i,-1.7359e-08-2.4795e-08i,-4.0747e-08-3.056e-08i,-8.4293e-09+3.1309e-08i,-4.5219e-10+1.1064e-08i,3.1193e-08-4.378e-08i,6.706e-08-4.4525e-08i,9.0163e-09-3.903e-09i,4.3532e-08-1.4471e-08i,1.1601e-08-6.1924e-08i,1.7468e-08+6.2181e-08i,1.1541e-08-1.4664e-08i,9.2898e-08+4.0119e-08i,2.3511e-08-1.2023e-08i
1.9246e-08+5.0453e-08i,5.6648e-08+5.9196e-08i,3.2154e-08+8.311e-08i,2.5267e-08-5.9021e-08i,-2.8444e-08+8.5377e-09i,3.2898e-08-8.501e-09i,1.1496e-07-3.2376e-08i,6.5152e-08+1.45e-08i,-8.4117e-08+6.7198e-08i,-1.6093e-09+9.8913e-08i,-4.4771e-09+3.537e-09i,-2.2502e-08-9.516e-08i,3.883e-08+5.8607e-08i,1.2735e-08-2.7768e-08i,3.3865e-08-7.1426e-08i,-7.9457e-08+5.8147e-08i,-1.0768e-08-2.642e-08i,4.0594e-10+4.1487e-08i,-6.1661e-09+2.7524e-08i,-3.5894e-08-4.3896e-08i,-4.0802e-08+5.1344e-08i,-7.9521e-08+9.7584e-10i,-6.4959e-09-4.1665e-08i,1.0756e-07-5.1887e-08i,8.6068e-09-3.0094e-09i
7.0643e-08-1.9364e-08i,8.5584e-09-2.1333e-08i,-3.2365e-09+5.3736e-09i,6.4298e-08+1.7008e-09i,4.0822e-08+4.3847e-09i,1.2675e-08-6.5411e-08i,-5.2813e-08-1.3136e-08i,2.9422e-08-1.7751e-09i,7.3997e-08+2.4627e-08i,1.7773e-08-1.7806e-08i,-1.8534e-08+4.2734e-08i,4.2966e-08+5.9817e-09i,-7.2245e-08+1.7731e-08i,5.3481e-08+5.3996e-08i,2.8754e-09-5.5831e-08i,-3.8349e-09+1.5556e-08i,1.8569e-08-7.4505e-09i,-5.5963e-08-4.6871e-08i,3.0445e-08-1.0429e-08i,4.106e-08+6.4204e-08i,1.3731e-08+3.1185e-08i,6.8116e-08-4.1359e-08i,-5.9962e-08-1.3987e-08i,-1.7415e-08-5.7177e-09i,1.4676e-08-8.8028e-09i
8.8416e-08+8.1719e-08i,-1.4901e-08+1.1547e-08i,-8.8672e-09-6.7064e-08i,3.0227e-08-8.7491e-09i,2.4548e-08+2.1119e-08i,2.6856e-08+4.9974e-09i,-9.3391e-08-3.1084e-09i,3.7445e-09+4.8045e-08i,2.4457e-08+4.4195e-08i,1.0447e-08-6.0542e-09i,1.4877e-08+2.4082e-08i,1.3024e-08+2.3986e-08i,-3.3867e-09+5.1171e-08i,3.2019e-09+2.9414e-08i,8.8031e-09-6.1887e-08i,3.2198e-08-3.9519e-08i,2.504e-08+6.8815e-08i,2.2701e-08+1.3953e-08i,-7.1458e-08-1.746e-08i,-3.1064e-08-2.4247e-08i,9.5053e-09-7.4015e-08i,-9.9868e-08-3.0132e-08i,6.1847e-08-3.2819e-10i,-1.6647e-08-4.9152e-08i,1.9929e-08+1.9487e-08i
-6.8495e-08-3.2037e-08i,-1.8602e-08-8.5036e-09i,-4.4087e-08+7.8294e-08i,4.0559e-08-2.418e-08i,3.2017e-08-8.2422e-10i,7.2415e-09+4.834e-08i,-5.8125e-08-4.4506e-08i,8.7313e-09+3.7256e-08i,-3.764e-08+8.7126e-08i,2.8085e-08-3.2856e-08i,-4.0218e-08+6.5606e-08i,2.2789e-08-1.3777e-08i,-4.4098e-08-4.8259e-08i,7.7174e-08-1.0849e-08i,3.1052e-09-1.8687e-08i,1.3273e-08+4.723e-08i,-1.6041e-08-7.1771e-09i,-1.5358e-08+2.0595e-08i,-2.4621e-08-9.1038e-08i,7.7906e-08+7.66e-09i,-1.5134e-09-2.3104e-08i,5.8243e-08+2.8675e-08i,-4.9413e-08+1.7751e-08i,9.2779e-09-4.1526e-08i,2.2452e-08+5.3152e-08i
-7.72e-09-1.137e-08i,-3.6819e-08+3.8239e-09i,1.0183e-07-1.6981e-08i,1.8544e-09+4.4591e-08i,6.4968e-09-1.8885e-08i,1.5732e-08-5.0556e-09i,4.3618e-09+3.098e-08i,-4.0627e-08+5.0369e-08i,-5.5324e-08-1.9516e-08i,3.7177e-08-6.6099e-09i,-3.5631e-09-3.3221e-08i,-5.8213e-08+6.0975e-08i,-2.6111e-08-1.7454e-08i,2.2881e-08+5.3049e-09i,1.071e-07+5.6438e-08i,-3.1559e-08+8.2039e-08i,-3.1233e-08-2.9613e-08i,1.1536e-07+1.2368e-10i,-1.4109e-09-3.5599e-09i,-2.7005e-08-3.2182e-08i,7.4535e-08-4.8894e-08i,3.6642e-08-9.9231e-08i,5.8005e-08+4.2732e-09i,8.9321e-09+4.1593e-08i,-4.1637e-08-5.5033e-08i
-4.6528e-08+5.9046e-08i,5.9541e-08-4.9095e-08i,-6.0425e-08-2.6776e-08i,2.8232e-08-1.1806e-07i,4.1671e-08-4.5716e-08i,-1.4029e-08-6.8477e-08i,-1.8102e-08-3.2225e-08i,8.459e-08+3.7633e-08i,-5.9924e-08+7.0856e-09i,1.6757e-08+8.9802e-08i,-1.7156e-08+2.6223e-08i,1.1496e-08+1.2252e-08i,-3.398e-08+2.492e-08i,-7.3142e-08-1.406e-08i,-4.0163e-08-1.5086e-08i,-4.0799e-08+1.3585e-08i,1.2903e-08-3.0953e-08i,6.0107e-08-7.4232e-08i,5.0238e-09-5.7569e-08i,-5.7922e-09+2.933e-08i,-3.26e-08-5.8709e-08i,-4.003e-08+5.3933e-08i,6.0024e-08+2.4218e-08i,2.8474e-08-8.5506e-09i,5.5531e-08+7.2117e-08i
-2.9507e-08-8.3688e-08i,-6.5922e-08+2.9243e-08i,2.7459e-08+1.9494e-08i,-1.5224e-08+6.3598e-08i,1.3587e-08-7.25e-08i,1.8858e-08-7.2214e-08i,2.3123e-08-4.5573e-08i,2.0068e-08-2.128e-08i,-3.5718e-09+4.4073e-09i,-6.2164e-09+1.463e-08i,-9.5831e-08-2.6481e-08i,-1.2272e-08-1.2356e-08i,1.1013e-08-3.3448e-08i,-5.5818e-09+3.2718e-08i,8.0396e-08+1.5254e-08i,-5.4662e-08+2.0796e-08i,-6.3563e-08-3.9505e-08i,2.6121e-08-2.1799e-08i,9.5909e-08-2.3716e-08i,4.4336e-08+1.5979e-08i,-1.9219e-08-1.0172e-08i,1.4156e-08-3.4175e-08i,-1.2859e-08-4.1574e-08i,1.299e-08+4.9068e-08i,1.4777e-08-6.1613e-09i
2.3885e-08-3.0785e-08i,3.7809e-08+2.0086e-08i,-6.2622e-09+1.695e-08i,-2.1828e-08-7.5754e-09i,-9.3253e-09-8.2534e-08i,-1.2594e-08-3.2778e-08i,4.3741e-08-5.2943e-08i,4.5508e-08+2.7866e-09i,6.128e-08+3.5071e-08i,-6.6661e-08-3.5484e-08i,3.8719e-08-3.7365e-08i,-1.4089e-08+1.0651e-08i,4.7756e-08+3.336e-08i,3.7712e-08+5.5969e-08i,3.1437e-08+2.8533e-08i,2.1588e-09+9.205e-09i,-6.7368e-08+3.5739e-08i,1.9198e-08-2.0139e-08i,-2.838e-08-5.7511e-08i,-5.2644e-09-5.1554e-08i,1.027e-08+1.1151e-07i,-1.2672e-08+3.6433e-08i,-1.7055e-08-5.4344e-08i,-1.3426e-08+1.6215e-08i,2.6149e-08+4.7685e-09i
3.7189e-08+6.4591e-09i,7.1968e-08+4.0353e-08i,-4.1862e-08+8.7169e-09i,-4.741e-08-2.4735e-08i,-1.9574e-08-3.6363e-08i,4.5339e-08+1.2899e-08i,1.4612e-08-6.626e-08i,-1.7134e-08+2.0166e-08i,2.0217e-08-6.1409e-08i,2.6129e-08-4.2807e-08i,5.5024e-08+3.8158e-08i,5.7103e-08-4.4908e-08i,-8.6725e-08-2.986e-08i,5.4379e-08+1.8334e-08i,-7.9848e-08+9.2247e-08i,-4.1548e-08+3.6237e-08i,5.121e-08+8.6354e-09i,1.5374e-08+2.9332e-08i,4.3617e-08-5.8431e-08i,2.6138e-08+2.4892e-08i,2.3501e-08+5.5971e-09i,2.185e-08-2.137e-08i,3.1697e-08+1.2293e-08i,2.2233e-08+3.2876e-08i,2.0918e-08-2.862e-08i
-4.3986e-09+4.1684e-08i,-8.9683e-10-5.6125e-08i,5.3502e-08-5.9789e-09i,-4.606e-08-1.9779e-08i,-2.4124e-08+1.5604e-08i,-6.3561e-09+2.4405e-08i,4.9974e-08-9.7115e-08i,-4.163e-08+1.0644e-08i,3.0419e-08-8.3477e-08i,-6.7328e-08-2.7356e-09i,7.6028e-09-1.4361e-08i,2.0996e-08-2.5386e-08i,-9.5259e-09+1.9912e-08i,-2.1694e-08+7.7347e-09i,-3.3467e-08+3.9509e-08i,6.6321e-09-2.3099e-08i,-9.8531e-08-3.8423e-08i,-4.0856e-08+8.9064e-09i,7.3242e-08+2.7208e-08i,-6.7677e-08-5.6745e-08i,-4.0045e-08-6.8129e-08i,-5.2012e-09+4.0285e-08i,3.5674e-08+1.0233e-07i,5.948e-08-6.4757e-09i,-9.8975e-09+5.3379e-08i
3.0082e-08-2.1707e-08i,-5.5814e-09-6.382e-08i,1.7031e-09+5.2884e-08i,4.5283e-08+1.9085e-08i,-8.4641e-08-2.3847e-08i,-2.5489e-08-3.088e-08i,-3.8939e-08+2.3915e-08i,2.7239e-09-4.9749e-08i,2.409e-08-4.322e-08i,-4.6126e-08+8.9972e-09i,-3.8922e-08-1.7888e-08i,1.9495e-08+1.9138e-08i,8.8741e-08+4.9813e-08i,-1.4501e-08-2.3866e-08i,-3.304e-08+3.3524e-09i,-3.3033e-08-5.5189e-08i,-8.3531e-08-8.2569e-08i,4.3742e-08-3.7042e-08i,7.1127e-08+1.0928e-07i,-6.9042e-09-1.8059e-08i,-1.6819e-08+6.1482e-09i,-1.8829e-08+5.748e-09i,-8.0035e-08+2.8681e-08i,1.2297e-08-3.2884e-09i,-4.545e-08+2.1061e-08i
9.1492e-09-3.3159e-08i,1.381e-08+2.5075e-08i,4.9301e-08+6.0396e-08i,6.0843e-08-3.8945e-09i,6.3461e-08+4.3347e-08i,-3.0187e-08+6.754e-09i,-3.4987e-08+1.3518e-08i,-2.7709e-09+7.945e-08i,6.6336e-08+2.6164e-08i,3.6029e-08+4.3415e-10i,1.1894e-08-1.4671e-08i,4.5999e-08+1.0174e-08i,-3.2428e-08-2.5249e-09i,-2.2816e-08+4.4575e-08i,3.318e-08-4.1167e-08i,5.9624e-08-1.3233e-09i,-4.9531e-08+6.054e-08i,1.5982e-08+6.7098e-09i,-7.247e-09-4.8774e-08i,-2.5652e-08+5.4443e-08i,-3.3579e-08+3.9997e-08i,6.1829e-08+9.5349e-08i,6.2614e-08-4.5874e-08i,-1.1148e-07-3.2787e-08i,-4.7872e-08+1.398e-08i
-2.2516e-08-8.703e-09i,1.1277e-08-5.9985e-09i,-5.3129e-08-2.3573e-08i,3.2268e-08-3.6402e-08i,-5.4819e-08-1.5226e-08i,-5.6999e-08+1.5383e-08i,2.4819e-08-6.0826e-09i,-2.9139e-08-1.0867e-07i,-2.5838e-08+1.4487e-08i,-4.0275e-09+6.624e-08i,1.6333e-08+1.6695e-09i,-3.8124e-09+1.4161e-08i,-4.7814e-08+3.4574e-08i,-1.3763e-08+1.333e-08i,-1.481e-08+5.4528e-10i,2.8375e-09-5.01e-08i,-3.8258e-09+6.5809e-09i,1.1399e-07+1.2305e-07i,-2.5127e-09+1.116e-08i,1.6317e-08-5.5822e-08i,-1.342e-09+1.0026e-08i,5.5174e-08+2.0296e-08i,5.6449e-08-5.5883e-08i,-1.543e-08-6.2299e-08i,4.1095e-08+1.969e-08i
-9.3799e-08+3.9588e-08i,5.8531e-08+5.5211e-08i,-1.694e-08+8.3575e-08i,-4.8772e-09+6.7184e-08i,3.6563e-08+1.8268e-08i,-5.3137e-08-2.6694e-08i,-7.943e-09-3.599e-08i,1.1266e-09-1.3517e-08i,-4.7944e-08+6.9017e-08i,-1.4925e-08-2.6561e-09i,1.7357e-08+3.6822e-08i,-5.4798e-08-3.5066e-09i,2.0668e-09+3.4833e-08i,3.6403e-08-6.5033e-08i,-4.5048e-08+8.6299e-08i,-7.1364e-08-9.2426e-09i,9.2438e-10-3.6936e-09i,1.8534e-08-1.2327e-07i,-5.5418e-08+6.6343e-08i,-2.3128e-09+1.5593e-08i,2.5576e-08-2.9913e-08i,-8.1879e-08-2.8307e-08i,7.7896e-09+4.38e-08i,3.7308e-08+2.8198e-08i,5.8603e-09-4.8338e-08i
6.1893e-09-5.2918e-08i,-1.4879e-08+2.5595e-08i,-6.1216e-09-1.72e-08i,1.8744e-08+1.1668e-07i,4.4457e-08+5.0463e-08i,7.765e-09-5.6378e-08i,7.0165e-08+9.1877e-08i,5.7594e-08-2.1847e-08i,8.8385e-09-3.691e-08i,1.4405e-09+3.8468e-08i,6.816e-08+8.66e-09i,-1.4539e-08-5.0319e-08i,-1.3114e-08-2.7899e-08i,-1.2941e-09-1.2832e-08i,-3.0605e-08+7.8434e-09i,-2.0626e-08+1.2868e-08i,-4.5173e-08-3.2922e-08i,1.9065e-08-2.7113e-08i,-1.7457e-08-2.3009e-08i,-3.4821e-09+4.1223e-08i,1.9077e-08+1.1753e-08i,-1.6363e-08-4.5821e-08i,-2.7619e-08-7.3853e-09i,2.2043e-08-4.5882e-08i,-6.3273e-08+1.4045e-08i
1.3811e-08-2.7982e-08i,1.927e-08-9.7815e-08i,-6.3118e-09-3.8339e-08i,1.2163e-08+1.2735e-08i,1.0142e-07-2.7657e-08i,-2.5158e-08+1.8466e-08i,6.7842e-08-2.5036e-08i,-3.7359e-08+2.1038e-08i,1.6955e-08+1.4208e-08i,4.5432e-08-2.4167e-09i,2.2751e-08+1.4707e-08i,1.0848e-08-4.5214e-08i,-5.3857e-08+6.8141e-08i,-7.2749e-08-2.562e-08i,5.2555e-08+1.34e-07i,-3.694e-08-3.8415e-08i,-1.4249e-09+1.4687e-10i,6.1387e-08-6.6288e-09i,-1.0289e-08+1.4103e-07i,-2.7559e-08+6.5223e-08i,4.2948e-09-3.3067e-08i,7.318e-08-3.206e-08i,-2.2301e-08-6.5102e-09i,-7.4378e-08+2.0474e-08i,6.2252e-08+4.6355e-08i
-8.8347e-08+4.9846e-08i,3.3846e-08-3.7146e-08i,-6.8204e-08-4.5313e-08i,1.1845e-07+3.5554e-08i,7.5926e-08-6.2855e-08i,-3.2879e-09+7.2757e-09i,2.2646e-08+1.0738e-08i,2.0627e-08-3.674e-08i,1.8223e-08-1.981e-09i,-1.5974e-08+1.0199e-08i,-1.1903e-08-1.366e-08i,-5.1043e-08+3.4134e-08i,-2.3303e-08+4.6266e-08i,-4.7407e-08-3.1592e-08i,6.5842e-08-7.0854e-08i,-2.9086e-08+2.4207e-08i,-5.8559e-08-1.8793e-08i,-1.374e-08+6.0863e-08i,1.3292e-08-2.4709e-08i,4.0999e-10+6.2427e-08i,-1.5114e-08+1.7495e-09i,-6.2342e-08-2.9243e-08i,-1.8939e-09+3.7236e-08i,-8.5648e-09-4.2051e-08i,2.1811e-08-1.5649e-08i
3.5116e-08-5.7074e-08i,1.4674e-08-1.9441e-08i,4.0835e-08-7.0818e-09i,2.7985e-08+7.7082e-08i,2.838e-08+2.4041e-08i,2.8925e-08-7.6141e-09i,9.3614e-08-8.8895e-09i,5.1868e-08+7.6275e-08i,-6.4691e-08-2.3657e-08i,1.2585e-08-4.1313e-09i,-7.7383e-08-3.9676e-08i,4.8114e-08+1.861e-08i,-4.1883e-08+2.8757e-08i,-2.5584e-09+3.605e-08i,3.4897e-09+2.7442e-08i,4.2205e-08-1.18e-07i,2.5442e-09-5.3945e-08i,3.9831e-08+7.0861e-08i,6.9306e-08+3.9549e-09i,6.1741e-08-1.2933e-08i,-6.9758e-08+3.6721e-08i,-3.6706e-08+2.6581e-08i,5.4257e-08+5.4059e-08i,2.8562e-08+1.5184e-08i,-2.7542e-08-4.4805e-08i
5.1446e-08-4.5194e-08i,3.4884e-08-2.642e-08i,6.0922e-08+4.6353e-09i,-2.3019e-08+9.1956e-09i,-7.9355e-09+1.623e-08i,-8.9474e-09-2.1103e-09i,5.917e-08+2.2821e-08i,-4.8739e-08-3.511e-08i,3.9911e-08-3.1286e-08i,1.5644e-08-2.0861e-09i,-7.8406e-08-3.078e-08i,-1.3665e-08+6.0286e-11i,4.9404e-08-1.9286e-08i,8.3333e-08+2.0088e-08i,-5.8889e-08+2.9027e-09i,5.5892e-08-4.4105e-10i,6.6489e-09-3.2007e-08i,7.1407e-08+4.2764e-08i,-2.1406e-08-3.4835e-08i,-3.5347e-08+5.6416e-09i,-4.7209e-08-3.8543e-08i,7.7999e-08-1.5239e-08i,2.9256e-08+1.7893e-08i,-3.7416e-08+4.3316e-08i,-6.5524e-08-4.5316e-08i
-4.5772e-08+9.5923e-08i,-4.6175e-08+8.0696e-08i,1.0415e-08+1.0064e-08i,1.4937e-08+1.5796e-08i,-1.8133e-08+3.9186e-08i,3.4598e-08+3.5652e-08i,2.3272e-08+3.3648e-08i,1.0257e-07+2.584e-09i,-5.5373e-09-3.6336e-08i,3.1798e-08-3.3718e-08i,-7.9796e-09-3.6727e-08i,2.4925e-08+8.9438e-09i,-1.0093e-07+4.258e-08i,-4.0305e-08-9.1393e-08i,4.0499e-08-3.5992e-08i,8.8657e-08-1.9593e-08i,-4.085e-08+8.9153e-09i,-3.3157e-09+1.6872e-08i,-4.0825e-08-7.9099e-10i,-1.0835e-08+3.8628e-08i,6.7077e-08+4.0331e-08i,9.5379e-08-9.4931e-09i,-2.6398e-08+1.0484e-07i,-6.1221e-08+1.453e-10i,1.444e-08-5.0293e-08i
8.3114e-08-2.3676e-08i,2.6087e-08+4.4071e-08i,-9.6749e-09-2.6141e-08i,-7.8006e-09+6.2369e-08i,-2.7209e-09+3.299e-08i,-2.5112e-08+4.5261e-09i,7.1834e-08+8.9782e-08i,2.6415e-08+6.4473e-08i,3.2825e-08+3.5216e-08i,-1.3581e-08+3.2424e-08i,-3.4826e-09-2.1623e-08i,6.007e-08+3.3876e-08i,9.8312e-09+4.8999e-08i,5.8734e-08-6.9018e-10i,6.0751e-09-5.7561e-08i,1.3442e-08-4.8289e-08i,1.2616e-08+4.2617e-08i,5.3937e-08+6.3526e-08i,4.3441e-08-7.1346e-08i,-7.3794e-08-2.7809e-08i,-4.1365e-08+5.0065e-08i,3.5219e-08-2.6987e-09i,4.2445e-08+1.3243e-08i,-3.4098e-08-2.8691e-08i,5.4333e-08+6.2362e-08i
7.9334e-08+1.7745e-08i,1.2208e-07-2.4236e-09i,5.8946e-08-9.9515e-09i,6.2699e-08+1.7289e-08i,5.977e-09-6.4937e-08i,-4.2504e-08-4.8262e-08i,6.1815e-08+3.618e-09i,-4.5403e-08-1.9951e-08i,2.1102e-08-1.9492e-08i,-9.7903e-08-2.0912e-08i,8.5722e-09-1.2587e-08i,4.4467e-08+1.3362e-08i,-5.7005e-08+3.0076e-08i,-8.2149e-08-1.4315e-08i,-6.3259e-09-5.1164e-08i,-1.5083e-08+4.4734e-08i,4.4455e-08-2.404e-08i,8.877e-09-8.1734e-09i,1.086e-08+3.9627e-08i,-1.0523e-07+2.1972e-08i,5.5006e-08+6.8878e-08i,-4.3407e-09-3.7142e-08i,-6.1063e-08-2.6359e-08i,-2.1826e-08+1.304e-08i,2.9433e-08+5.0694e-08i
-1.1663e-08+6.8726e-08i,-1.7153e-08+3.8813e-09i,-4.4602e-08+2.6919e-08i,3.6111e-08+3.9098e-08i,1.2652e-08+3.7737e-09i,-2.0553e-08-3.2778e-08i,-1.8606e-08-8.1705e-09i,1.95e-08-6.537e-09i,-3.8353e-08-7.2814e-08i,-2.0001e-08-4.0712e-08i,-2.8966e-08-2.5251e-09i,2.5614e-08+1.6203e-08i,-3.7721e-08-1.6216e-08i,8.6143e-08+7.9449e-09i,5.3171e-09-7.8869e-09i,5.1283e-08+3.0485e-08i,-5.0385e-08-3.4598e-08i,-8.9278e-09+2.4907e-08i,-2.695e-09-5.6295e-08i,5.7897e-08-1.1544e-09i,-1.5824e-08-2.0893e-08i,-3.1527e-08+3.9491e-08i,-1.1945e-07+5.6629e-08i,-2.4848e-08-7.7416e-08i,-3.8024e-08-3.8503e-08i
9.6511e-08+6.3184e-08i,5.5004e-08+3.121e-08i,4.7355e-08+1.1068e-07i,4.9746e-08-2.1802e-08i,-9.0778e-08+5.6408e-08i,3.5045e-08-7.4632e-08i,6.4439e-08-6.1615e-08i,-5.814e-09-5.4006e-08i,-4.0153e-08+7.7233e-08i,2.7689e-08-4.7021e-08i,-4.3958e-08-3.4425e-08i,7.5976e-09+1.4015e-08i,-1.8755e-08-6.1586e-08i,8.6597e-09+7.3194e-08i,-3.6053e-08+4.648e-08i,-1.3813e-09+7.9373e-09i,-3.539e-08+6.6058e-08i,-7.1245e-08+1.5926e-08i,-6.7474e-08+2.9408e-08i,-5.0163e-08+2.1093e-08i,8.0425e-09-4.097e-09i,-5.4626e-09-5.3531e-08i,1.4008e-08-3.7441e-08i,3.9128e-08-8.2096e-09i,4.842e-08-6.4947e-08i
1.3258e-08-1.0558e-07i,-5.6478e-08+2.5625e-08i,-1.9916e-08-4.5453e-08i,6.1037e-10-5.0664e-08i,4.4653e-08-9.4268e-10i,-8.9146e-08+5.3067e-08i,-3.248e-08+1.1787e-08i,-9.9923e-09+4.1819e-08i,-2.5189e-08-7.7184e-08i,1.5162e-08-2.0608e-08i,1.0394e-07-3.8678e-08i,5.0687e-08-5.5508e-08i,-6.4005e-08+1.0508e-07i,-2.2583e-08+6.3723e-08i,-3.5731e-08+1.2971e-09i,2.5296e-08+4.0792e-08i,-3.5935e-08-1.7772e-08i,-2.5512e-08-6.5319e-08i,1.4297e-08-1.5681e-08i,-6.1647e-08-2.7271e-08i,3.492e-08-5.6302e-08i,-2.9094e-08+4.6112e-08i,-1.1542e-08+5.8447e-09i,-5.1667e-08-1.1985e-07i,-5.9995e-08+4.7685e-09i
-1.4551e-08-4.8395e-08i,-3.4126e-08-3.3067e-09i,-6.8889e-08-7.5202e-08i,-7.3998e-09+7.0378e-08i,2.6971e-08+2.7308e-09i,-2.9214e-08-7.434e-08i,1.2965e-08+5.493e-08i,9.5199e-08-8.1643e-08i,-9.9232e-08+9.1452e-09i,1.4874e-08-7.2276e-08i,-2.3468e-08+2.2362e-08i,1.0237e-09+3.1431e-08i,-7.9181e-08-6.8149e-09i,3.6928e-08+4.0792e-08i,8.9743e-08+3.662e-08i,3.9066e-08-3.1866e-08i,-1.8778e-08+1.1632e-07i,1.0955e-08+3.0686e-08i,-6.9835e-08-8.3126e-08i,-2.2063e-08+5.728e-09i,-4.7574e-08+1.2118e-08i,-6.3035e-08+5.6372e-08i,5.3751e-08-3.1491e-08i,-1.2178e-08-3.8894e-08i,2.9672e-08+9.2865e-09i
-1.7929e-09-6.5081e-08i,-2.698e-09+3.1474e-08i,6.4949e-08-4.7172e-09i,-4.0823e-08+1.3952e-08i,2.5181e-08-8.5895e-09i,3.0227e-09+1.1597e-08i,5.2653e-09-2.2766e-08i,-1.6557e-08+4.3038e-08i,-2.1788e-08+1.0928e-07i,5.4275e-08-8.3385e-08i,2.3472e-08+5.7501e-08i,-2.7808e-08+5.4258e-08i,4.8676e-08-3.4429e-09i,-1.2196e-07-3.6258e-08i,-6.5058e-09+3.7024e-08i,-1.5968e-08+4.1616e-09i,-3.0155e-08+9.0418e-08i,4.7433e-10+6.9417e-08i,4.9706e-08+2.0123e-08i,2.6621e-08-4.5242e-08i,-1.5358e-08+5.6918e-08i,3.9963e-08-6.1995e-08i,-8.2936e-09+9.7683e-08i,-4.3135e-08-3.3549e-11i,6.0849e-09+4.9091e-08i
1.0376e-08+4.4545e-08i,1.0216e-07-2.4487e-08i,-4.1588e-08+4.4931e-09i,1.3297e-08-1.3499e-08i,7.209e-09+6.4523e-09i,-3.6949e-08-1.2599e-09i,-2.7726e-08+8.4435e-08i,-2.0997e-08-5.0915e-09i,-4.6081e-08+3.6382e-08i,3.2129e-08-1.5545e-08i,-2.1485e-08-4.7398e-08i,3.5349e-08+1.1585e-08i,-1.5235e-08-1.0473e-08i,-1.6354e-08-8.0505e-10i,5.9165e-08-2.3552e-08i,6.9379e-09-3.2709e-08i,6.5887e-09-1.6462e-08i,-6.7895e-08-2.2488e-08i,-4.62e-08+6.815e-09i,-3.1954e-08-1.2723e-08i,2.1226e-08+2.3344e-09i,-5.9722e-08-9.4809e-09i,5.6619e-08-5.3253e-08i,8.3394e-08+6.0466e-09i,7.053e-09-5.9277e-09i
3.4069e-08-1.7449e-08i,-1.644e-08-3.0378e-09i,-2.3305e-08+1.9748e-08i,3.8453e-08-1.3283e-08i,7.6667e-08-3.6268e-08i,1.2522e-08+9.0379e-09i,-1.2111e-08-1.9582e-08i,6.5202e-09+3.6988e-08i,-2.4911e-08+2.3873e-08i,1.8879e-08+5.7682e-08i,-1.6522e-08+1.5807e-08i,3.9994e-08+4.2938e-08i,4.1578e-08-9.3187e-09i,7.1355e-08-6.1056e-08i,5.4555e-09+1.4445e-08i,1.4044e-08-3.7751e-08i,-3.4041e-08-1.4028e-09i,6.8221e-09+1.6159e-08i,1.132e-08-3.7394e-08i,-8.7807e-08-5.8199e-08i,-1.4988e-08+3.4734e-08i,7.6143e-08+4.227e-08i,-9.0119e-09+1.8673e-08i,4.5716e-08-4.1232e-08i,-5.1273e-08-2.0004e-08i
6.4197e-08-1.2623e-08i,1.1215e-08-6.8292e-08i,4.7008e-08+2.6949e-08i,5.184e-08-3.5607e-08i,-7.114e-09-1.3597e-07i,-1.7375e-09+2.4604e-08i,-2.4159e-08-3.3356e-08i,1.6721e-08+4.8282e-08i,-1.1169e-08+3.8729e-08i,-1.0049e-07-3.3593e-08i,4.7722e-09+2.8913e-08i,-7.6454e-08+4.4869e-08i,8.4793e-09-5.407e-08i,1.0096e-07-1.0717e-08i,-2.9057e-08-4.2068e-09i,6.8396e-09-5.5005e-08i,7.9924e-08-1.3166e-08i,-2.7586e-08-6.9627e-08i,5.2188e-08-2.2762e-09i,7.3812e-08-7.3485e-08i,1.0258e-07-1.2217e-09i,-1.6059e-08+1.9565e-08i,-2.4221e-08+2.6202e-09i,4.3064e-08+7.2584e-08i,1.0098e-08+2.0998e-08i
